ID_Petugas,Nama_Petugas,Password,Nomor_Telp,Jabatan
PTG00001,"Aswani Haryanto, S.Kom",&(82P2hi!X,+62 (097) 111 2125,Petugas Loket
PTG00002,Hj. Ayu Narpati,Mq3AUvlhg!,+62 (633) 432 4474,Supervisor
PTG00003,Jindra Thamrin,ZLY5LyGR)d,0841834374,Supervisor
PTG00004,Virman Latupono,M(2asP*es+,+62 (427) 820-7979,Petugas Loket
PTG00005,drg. Uchita Wacana,*DcAIqxsP3,+62 (82) 498-3922,Admin
PTG00006,"Ganda Habibi, S.Pt",L02Zrl^5%&,+62-72-517-8637,Admin
PTG00007,"Harimurti Hariyah, S.H.",@)EkmgJH^6,+62-0555-809-9613,Petugas Loket
PTG00008,Jamil Nainggolan,&31+BbJn!1,+62 (051) 602 5298,Supervisor
PTG00009,Silvia Hasanah,H7U7YvlL!N,(086) 120-5943,Petugas Loket
PTG00010,Drs. Ozy Hasanah,#q&$0Ojbi@,+62-75-409-1508,Petugas Loket
PTG00011,"Lala Prayoga, S.E.",DYJ8xc6e@8,+62 (055) 029 1681,Petugas Loket
PTG00012,Suci Sihombing,67aAnf(2&A,(0364) 248-0962,Petugas Loket
PTG00013,"Edi Saputra, S.Ked",I)7W3BAzC&,+62 (867) 805 5557,Admin
PTG00014,Jail Mandasari,$6#p8WTf3y,+62 (99) 295 9660,Petugas Loket
PTG00015,"T. Kala Lestari, S.H.",Wo*8zEm+&g,(094) 551-5888,Supervisor
PTG00016,Genta Waskita,*qHJnioc*7,+62-0299-819-9605,Supervisor
PTG00017,R.A. Eli Purnawati,w@_7GV2cLf,+62 (41) 039 7739,Kasir
PTG00018,Halima Nugroho,l8qt6fUd*I,(048) 198-0770,Kasir
PTG00019,Yessi Widodo,fP+0)Lmnh(,(0341) 517-7345,Petugas Loket
PTG00020,Shakila Handayani,UV7_W4Fi9^,(0422) 294 6430,Kasir
PTG00021,"R.A. Restu Sihombing, S.E.I",fh)IX0IlpB,087 276 0153,Petugas Loket
PTG00022,Farhunnisa Prasetyo,#(24UTyhmk,+62 (058) 148-8810,Admin
PTG00023,Qori Nurdiyanti,g3IzdL#X$&,+62 (0033) 399-7718,Admin
PTG00024,"Dt. Galuh Usada, S.Pt",$2SDOUVo(7,+62 (0694) 725 8784,Admin
PTG00025,"Eja Saptono, M.Pd",T$Ky5OIvM0,+62 (823) 133 4845,Admin
PTG00026,"Dr. Jarwi Jailani, S.Pd",++i)3XSvya,+62 (0524) 555-7469,Supervisor
PTG00027,Vanesa Agustina,Ely6@Bnf!F,+62-987-411-3257,Admin
PTG00028,"Rika Halimah, S.Gz",O_6F*WwFu(,+62 (29) 493 8173,Admin
PTG00029,Queen Palastri,md_4qRgqEj,+62-0755-344-9021,Supervisor
PTG00030,"Hendra Aryani, S.Sos",t0QK#Plk*b,081 979 3164,Petugas Loket
PTG00031,Mila Maryadi,_DR5mCfU!n,+62 (43) 958 7395,Kasir
PTG00032,"Ratih Mangunsong, S.Kom",*R#3JDfqua,+62 (0335) 027 1607,Petugas Loket
PTG00033,"R.A. Kezia Hardiansyah, M.M.",jV)6PGg03*,+62-185-748-1700,Petugas Loket
PTG00034,Wani Andriani,&n1oLl&ZGM,+62-0290-282-2700,Kasir
PTG00035,R.A. Zelaya Wijayanti,%J05Tlbnuk,(054) 950 0507,Admin
PTG00036,Oman Megantara,if0*D4Rm&M,+62-47-742-5859,Admin
PTG00037,"Nasrullah Kuswoyo, M.Kom.",4)*49GHe*4,088 942 5652,Admin
PTG00038,Cut Ulva Winarno,y@Y05HZgp_,(0948) 714 8552,Admin
PTG00039,Jasmin Laksita,b7V%dZx)(L,+62 (476) 818-2683,Kasir
PTG00040,Saadat Zulaika,h$0TRGRRdx,+62-0289-634-0646,Admin
PTG00041,dr. Tugiman Kusmawati,v!*5BuEx%I,+62 (66) 933-5134,Admin
PTG00042,Tugiman Wacana,398CVQQe@5,(0215) 406 4176,Admin
PTG00043,R. Titin Laksita,&3xqQdOd%%,(045) 101-7397,Kasir
PTG00044,Lantar Fujiati,n_W4WDb$*y,(060) 577-9806,Supervisor
PTG00045,"Hj. Uli Astuti, S.Ked",$C99FLracE,+62 (742) 388 5652,Kasir
PTG00046,"Dr. Zamira Irawan, S.Psi",lxB^9RIxZh,+62 (752) 250 1394,Admin
PTG00047,H. Maras Purwanti,H%8&Rqf7eR,+62 (053) 703 8240,Kasir
PTG00048,Genta Prasetya,m_OxpNuT$3,(045) 465 5358,Petugas Loket
PTG00049,Citra Mansur,U*t3ZR*r^D,+62-079-779-6120,Petugas Loket
PTG00050,drg. Kurnia Yulianti,_c!5UwPwOe,+62 (0845) 398-6289,Supervisor
PTG00051,Zelda Ardianto,)0WXRggyWi,+62 (116) 966 6725,Admin
PTG00052,Bakti Saragih,^O1H4WYDn2,+62 (020) 800-5640,Supervisor
PTG00053,"Drs. Kardi Wahyudin, S.Pt",3RU*c+Ft#o,+62-081-441-5298,Petugas Loket
PTG00054,Uda Januar,zu*3STLeTD,+62-605-079-1815,Supervisor
PTG00055,Drs. Kamal Nasyidah,Z8_i9YHr(6,(047) 408 0314,Petugas Loket
PTG00056,Ir. Puput Natsir,5$X1xbnq_Q,+62-172-351-3739,Petugas Loket
PTG00057,"Luwar Budiman, S.Gz",&!WdnyznF3,+62 (0694) 346 0666,Kasir
PTG00058,Zaenab Nainggolan,YH4LTaZ(*O,(048) 449 4116,Admin
PTG00059,"R.A. Clara Puspita, M.Kom.",$(Qn1ilbX2,083 350 9025,Petugas Loket
PTG00060,"Tgk. Ellis Tampubolon, M.M.",+901MmKq$6,+62-011-688-0925,Admin
PTG00061,Ani Megantara,!%GT3iAm@@,(073) 794 5772,Supervisor
PTG00062,Paulin Tarihoran,gx2J+guA$I,+62 (366) 677-7675,Supervisor
PTG00063,Jane Widiastuti,342&2XqsSi,(027) 187 4960,Petugas Loket
PTG00064,Darimin Sirait,vJ2V3Tmyc(,(057) 327-5998,Admin
PTG00065,"Sari Firgantoro, S.IP",uq1&uAhaA@,+62 (0418) 222-6189,Petugas Loket
PTG00066,Endah Purwanti,(sWb_ih_G7,(0992) 707 9551,Petugas Loket
PTG00067,Betania Nugroho,#+zkbxJvw9,+62 (54) 384-8075,Kasir
PTG00068,Aslijan Yulianti,$C8zIao#q4,+62-766-046-5586,Supervisor
PTG00069,Titin Siregar,S#5XtibBP(,+62 (029) 311 0059,Admin
PTG00070,Chandra Padmasari,_7)U2hk&w!,+62 (837) 379 2749,Supervisor
PTG00071,"Cut Maimunah Nashiruddin, M.TI.",7qU2Figo!1,+62 (0364) 538-0442,Kasir
PTG00072,Aswani Haryanto,Xb^i5Xh&V*,+62 (757) 574 7583,Supervisor
PTG00073,Langgeng Narpati,!C5vHNo+gG,+62 (65) 062 2923,Kasir
PTG00074,Agus Wijaya,*O2npI2kOK,+62 (015) 794-2387,Supervisor
PTG00075,"Sutan Hamzah Lestari, S.Ked",%2XWRKFu)T,(033) 535-7485,Admin
PTG00076,dr. Tami Nababan,Ut5XmZurB#,+62 (087) 794 1763,Kasir
PTG00077,"KH. Enteng Megantara, S.I.Kom",Yhn7H8ByW!,+62-038-843-6604,Supervisor
PTG00078,Farhunnisa Megantara,ZJF0ALGuK%,(0429) 250 1058,Kasir
PTG00079,Kartika Megantara,^6RCn#8aUr,+62 (022) 182 3155,Admin
PTG00080,Cindy Zulkarnain,^QZPmmmL1t,+62-03-700-3322,Supervisor
PTG00081,Tgk. Gaman Wibisono,i6bdSAV3_q,+62 (63) 280-9448,Petugas Loket
PTG00082,Oni Wibisono,#3YtaLKxbi,(013) 394 3945,Admin
PTG00083,Anastasia Yuliarti,4@Snp3wi_3,+62 (0319) 100-9004,Admin
PTG00084,Gadang Handayani,$3&9F^Idjs,+62 (007) 201-1379,Admin
PTG00085,"Puti Saputra, S.T.",!9%cPOncxU,+62-404-337-0096,Admin
PTG00086,H. Jindra Pradipta,&F0SFJlSB+,(0542) 786 5619,Petugas Loket
PTG00087,Dina Sitorus,Rc7OtyyDY^,+62 (061) 880 8190,Supervisor
PTG00088,Pia Widiastuti,k#C3FvVw4D,+62 (30) 817 2143,Admin
PTG00089,"dr. Gadang Pranowo, M.Pd",_93nGaL(v1,(053) 469 9799,Supervisor
PTG00090,Mustika Lestari,!7pGR*KlDx,(0481) 131-7653,Kasir
PTG00091,Dr. Ami Sinaga,p4I!8pYwK%,0804918727,Admin
PTG00092,Zulaikha Marpaung,!c4^T6kha1,+62-0597-371-1222,Admin
PTG00093,"Rahmi Pratiwi, S.Ked",d*Qd7LNzTJ,(083) 210 2192,Supervisor
PTG00094,"Daliman Hassanah, M.Pd",^p1II5_)8!,080 425 3733,Petugas Loket
PTG00095,"Jaswadi Kuswandari, M.Kom.",S$1Fbp_iNm,(053) 460-6056,Kasir
PTG00096,Dadi Winarsih,Wqh)Mkro+5,+62 (069) 061 8120,Petugas Loket
PTG00097,Indah Wijaya,zDUWupMz%7,+62 (175) 889 1444,Supervisor
PTG00098,"Tgk. Rina Mulyani, S.H.",2x^5HsWb1X,0885379821,Admin
PTG00099,"Tari Siregar, S.H.",nZZO9NuUR$,0860134778,Supervisor
PTG00100,Tgk. Oni Purnawati,&3O*IB_)bz,0842163090,Supervisor
PTG00101,Balidin Sirait,544JuEn@)i,+62-21-994-7113,Supervisor
PTG00102,"drg. Gawati Permadi, M.M.",8!2KpoFho),(008) 437 6855,Supervisor
PTG00103,Jamil Mayasari,3_^6O0t4E),(0093) 170-6955,Admin
PTG00104,Ayu Lestari,&D777NcVQR,+62-031-219-8041,Kasir
PTG00105,T. Jabal Maryadi,q120NqXi%q,(023) 039-1114,Admin
PTG00106,"R. Patricia Maheswara, M.M.",(u5XpiPfP%,+62 (947) 372-1329,Supervisor
PTG00107,"Dt. Bagas Waluyo, S.E.I",lc4SOQqv!W,087 203 1954,Supervisor
PTG00108,Lukita Zulkarnain,@O&6JhlVi_,+62-37-476-7753,Admin
PTG00109,Diah Agustina,!3$MGEKuEP,+62 (348) 201 2840,Petugas Loket
PTG00110,Kacung Pratama,8CXDCFLV_a,081 265 7422,Petugas Loket
PTG00111,"Sutan Bakiman Susanti, S.Sos",%6Hb2lrJUz,+62-047-137-2711,Petugas Loket
PTG00112,"Jagaraga Siregar, M.Ak",+SsPiC+cf5,(074) 584-7609,Supervisor
PTG00113,Wani Rajasa,o@w2RhSEgJ,+62 (97) 150-6662,Admin
PTG00114,Nabila Dabukke,5r5wVDj9X^,+62 (011) 102 8671,Admin
PTG00115,"KH. Nalar Yuliarti, S.E.I",!0oPtdb&0f,+62 (67) 149-4981,Petugas Loket
PTG00116,"Ir. Intan Mandala, S.Pt",Zd*W9Ifb*l,(034) 533-7220,Petugas Loket
PTG00117,Asmuni Rahmawati,)f8Do5NI@2,(0052) 635-1004,Admin
PTG00118,Fitria Mandasari,p*6hZawhq1,(0520) 238-9743,Supervisor
PTG00119,"Elvina Agustina, S.Gz",lF!NWPkC!5,+62-607-984-8704,Petugas Loket
PTG00120,Anita Wasita,utX1PVnAa),+62 (0083) 037 3606,Kasir
PTG00121,Yusuf Hutagalung,@8gRnibO%R,(085) 283 0615,Kasir
PTG00122,"Dipa Kuswandari, S.Ked",x2XIt30*@A,+62-0142-175-1887,Admin
PTG00123,R. Jaya Winarsih,E4ZlSc@t)k,0837505661,Supervisor
PTG00124,"Dr. Prayoga Waskita, S.Kom",#Vd3hTvuTL,+62-095-055-6057,Kasir
PTG00125,Cahyanto Kuswoyo,8_OzRDy#)B,+62 (004) 246-2456,Petugas Loket
PTG00126,Karta Utama,A@7CJxuWpE,+62-913-044-8818,Supervisor
PTG00127,Drs. Ifa Puspasari,_4tJaD$mwV,(081) 429 8315,Admin
PTG00128,Cengkal Yulianti,@4e1UpPz!),0830639638,Petugas Loket
PTG00129,Jelita Mansur,9s9)NZOyI&,+62-0203-301-6234,Supervisor
PTG00130,Kamal Adriansyah,n@*3Wfkd_I,+62 (36) 533 7746,Admin
PTG00131,Dono Adriansyah,j7hQ3(9b&F,(0543) 734 7642,Supervisor
PTG00132,Gawati Farida,0GzSY_hF#*,+62 (091) 344 3899,Kasir
PTG00133,"Dr. Viman Najmudin, M.Kom.",CdS0E2aAi(,+62 (167) 933-5055,Kasir
PTG00134,Vanya Permadi,J5P*s5qh(z,+62-0335-104-0961,Admin
PTG00135,Syahrini Rahmawati,*X3CWhvkN8,(051) 189-3940,Kasir
PTG00136,Tami Tampubolon,0g^7R2mw$1,+62-073-920-1354,Admin
PTG00137,"Hj. Mala Mangunsong, S.Pt",0#Moa&+^#7,+62 (729) 893 7629,Kasir
PTG00138,"Dr. Indah Sihotang, S.T.",j3IXRuqz)s,(092) 082 8323,Supervisor
PTG00139,Kacung Sudiati,S1HrC_1J(3,(0168) 157 2450,Supervisor
PTG00140,Prakosa Anggriawan,0BilVZ2w!x,+62-25-561-8444,Admin
PTG00141,Bakiadi Palastri,#9Qi+nVs9G,+62-09-004-3655,Petugas Loket
PTG00142,Gilang Maryati,%)IlPzE$m8,+62-070-633-6998,Supervisor
PTG00143,Raina Thamrin,9pY)uluq!R,0877383638,Supervisor
PTG00144,"Atma Wacana, S.T.",_H2fQVcA$@,(031) 441-7064,Admin
PTG00145,"Harsaya Manullang, S.I.Kom",H4cDB9ft^4,088 031 5388,Admin
PTG00146,R.M. Radika Saefullah,n%c2Otp5^3,+62 (163) 211 1978,Petugas Loket
PTG00147,Tantri Maheswara,50cO)Zzg(T,+62 (617) 868 8002,Admin
PTG00148,Rizki Dongoran,jD)W96kMe!,+62-93-659-5201,Petugas Loket
PTG00149,Rahmi Hidayanto,U(UyRD@_@8,+62 (13) 745 5611,Admin
PTG00150,Ani Sihombing,v8R@k5nJ#h,+62-03-083-5669,Supervisor
PTG00151,Rendy Dongoran,^o3wi6V2J&,(0682) 938-4401,Admin
PTG00152,Gadang Puspasari,!8NbSO_y5F,+62-90-859-9144,Kasir
PTG00153,R. Anita Hartati,HZUvJYlf%9,+62 (0285) 969-3259,Supervisor
PTG00154,Emil Damanik,tpwr(oS4(4,(090) 872-6176,Kasir
PTG00155,Maras Handayani,3fQ4JrE6#_,(012) 996-5082,Kasir
PTG00156,Rika Tamba,7j2NIvn@(J,+62 (143) 468 2394,Admin
PTG00157,"Drs. Humaira Utami, S.Gz",42pPGr%%!y,+62 (001) 680 9414,Admin
PTG00158,"Luluh Hidayanto, S.Psi",!Y2VNI_y47,(020) 726 6292,Kasir
PTG00159,Anita Puspita,n7uXuv%j@v,+62-373-125-5235,Supervisor
PTG00160,Cici Hastuti,3z1c^OGa(n,+62 (613) 371-8444,Admin
PTG00161,Cut Tari Narpati,p5$mJ9Be)n,+62 (77) 822 1021,Supervisor
PTG00162,Yuni Rahmawati,22yDSgug(5,082 856 0539,Admin
PTG00163,"drg. Yosef Damanik, M.Kom.",+H9(NRxOsQ,0821223552,Kasir
PTG00164,Hartana Wastuti,Cz5cHAyav_,(0908) 984 3699,Kasir
PTG00165,T. Purwanto Palastri,ol2dEbKff!,088 114 5788,Admin
PTG00166,Yessi Firgantoro,u+SLNRC7vl,(0987) 682-9968,Kasir
PTG00167,Tina Mangunsong,#z#Z5Qs1Y5,(095) 790 0124,Admin
PTG00168,R.M. Prayogo Siregar,vHV2ImfZ^4,+62-0389-156-2415,Petugas Loket
PTG00169,Kasiran Sirait,G70w4FkW+*,+62 (078) 468-5095,Admin
PTG00170,"drg. Prasetyo Zulaika, S.Pd",AYqAngnt%3,+62-0401-536-4154,Supervisor
PTG00171,Cici Simbolon,^FDmgoQ5J3,+62 (041) 052-7698,Kasir
PTG00172,Mursinin Rahayu,Wn7!ERbT(H,(005) 986-7874,Admin
PTG00173,Zelda Marbun,PyW8kgJE#7,+62 (49) 116 5020,Admin
PTG00174,Artanto Mangunsong,%r^5ZUzhCB,+62-083-682-1444,Admin
PTG00175,"Drs. Paramita Susanti, S.Sos",&OTz4wZK9Z,+62 (54) 318-3281,Supervisor
PTG00176,"Diana Nainggolan, S.Pt",rZY3%Tre#O,+62-82-768-1722,Kasir
PTG00177,Natalia Hariyah,T7_4U#Xl^p,+62 (060) 827-1721,Admin
PTG00178,Silvia Pratama,fu7Zwuw0U$,+62 (065) 914-3882,Kasir
PTG00179,Usman Marbun,kp^5v7WhMh,+62 (0309) 544-9791,Supervisor
PTG00180,Tugiman Hassanah,109%6OMaO),0883220125,Petugas Loket
PTG00181,Titi Habibi,r73FvbQP(D,+62-0860-030-4436,Supervisor
PTG00182,"Bajragin Pertiwi, M.Farm",^cwqUO&jZ1,+62 (0374) 830-9309,Petugas Loket
PTG00183,Nadine Hutasoit,$(9Yg(Pcux,+62 (091) 116-6122,Admin
PTG00184,Banawa Safitri,fau0uOef+U,+62-27-481-2421,Kasir
PTG00185,Edi Damanik,(6!byUq)oV,+62-995-297-0137,Petugas Loket
PTG00186,Caket Saefullah,$6Au3#Lrj@,+62 (927) 387-4029,Kasir
PTG00187,Cut Maimunah Hutasoit,&6pSa*Bw+r,+62-95-679-7564,Admin
PTG00188,Puti Kartika Handayani,j56L*n6K)T,+62-68-317-6417,Kasir
PTG00189,Indra Maryati,8fF*VqAq!&,+62 (030) 735-1045,Petugas Loket
PTG00190,T. Joko Salahudin,$6TFRREJd6,+62-53-396-2746,Admin
PTG00191,Maya Maryadi,@SdN#yHcA5,(0714) 004-9388,Admin
PTG00192,Rizki Pratiwi,BbeB06Sa+4,(0313) 797-1669,Petugas Loket
PTG00193,H. Erik Jailani,4e$ND50B&6,(0014) 262 0370,Kasir
PTG00194,drg. Reza Namaga,%#b1lC*uvn,089 897 2117,Supervisor
PTG00195,Opan Nasyiah,PmpJuvA_(9,(0857) 082 0048,Kasir
PTG00196,Hari Kusmawati,n17TVHicv^,(088) 276-9704,Petugas Loket
PTG00197,Lanjar Thamrin,&U(1OIzO$l,+62 (179) 624-0964,Kasir
PTG00198,"Ir. Keisha Winarno, M.Pd",@LB4TTn_$E,0820893486,Supervisor
PTG00199,H. Jais Pradana,y)+0RN^@ne,+62 (36) 133-7605,Kasir
PTG00200,Drajat Gunawan,%5n@0RqA_),+62-440-966-1771,Admin
PTG00201,"Dr. Budi Rajata, M.Ak",Y9wYqrS*(8,+62 (66) 486-9893,Kasir
PTG00202,"Ratna Widodo, M.Ak",(BJ&D7Bq(7,+62 (360) 511-7160,Admin
PTG00203,Rafi Riyanti,(BZemQ7F%8,+62 (0894) 204-6648,Supervisor
PTG00204,drg. Mala Mandasari,K+m&0KOzR#,+62-890-623-5466,Kasir
PTG00205,"R.M. Sabar Usada, S.E.",%H&X5$Wj+1,(0746) 259-1601,Admin
PTG00206,Cecep Setiawan,t1m6kZzl+C,(077) 823 1299,Supervisor
PTG00207,Maimunah Budiman,I70%^7EwR4,+62 (968) 078-5254,Admin
PTG00208,R.M. Galak Mahendra,5B@k8W#y6a,+62-112-327-4897,Admin
PTG00209,"Wage Safitri, S.Pt",i*7ZgY#mTG,+62-80-196-3045,Admin
PTG00210,"Siska Nababan, S.Gz",C9n7sCZh&u,(0848) 165-2444,Kasir
PTG00211,"Yahya Tarihoran, S.T.",3rE6WBeS@%,+62 (87) 884 8699,Admin
PTG00212,drg. Rini Nuraini,(2yYen*ocw,0864242383,Petugas Loket
PTG00213,Dr. Elisa Nurdiyanti,3yySOHmv$z,+62 (21) 010-2320,Supervisor
PTG00214,Atma Nurdiyanti,(&P7NmlNG!,(014) 038 4531,Supervisor
PTG00215,Drs. Usyi Hardiansyah,*pZ4AqNzk#,+62 (05) 459-6715,Kasir
PTG00216,Unggul Gunawan,&&!6VA&moz,0851699497,Kasir
PTG00217,Karman Susanti,!JSY_RrY5W,0888917879,Kasir
PTG00218,Galih Dabukke,EoUs@N)f^9,0826041809,Petugas Loket
PTG00219,Dina Hidayanto,B5KLqb_9*k,+62 (099) 626 4222,Supervisor
PTG00220,Dr. Juli Mulyani,)rt7g1ObD9,082 092 2570,Supervisor
PTG00221,"Ratih Budiyanto, S.Gz",sIwLHwoM@6,+62-01-788-2247,Kasir
PTG00222,Bakijan Mansur,&kMN%rTdw1,(0115) 261 0537,Kasir
PTG00223,Rizki Purnawati,MlVcBbtn#3,+62 (0329) 876-9893,Admin
PTG00224,"drg. Jelita Mustofa, M.Ak",%4&Pyuy2BR,+62 (025) 896 3217,Kasir
PTG00225,Gabriella Tarihoran,r5qQyI8S*4,+62 (0883) 842-5364,Supervisor
PTG00226,Dina Namaga,!KK$EXEEb5,+62 (510) 740 9131,Admin
PTG00227,Baktianto Hariyah,y@C6Dt$d0(,+62 (020) 122 7595,Petugas Loket
PTG00228,"Cut Ajeng Manullang, S.Farm",+3f1rCak70,+62 (0071) 732-7980,Petugas Loket
PTG00229,Titin Rahayu,_anUy9c4A5,+62 (0520) 360 8941,Supervisor
PTG00230,Kemba Salahudin,_C9sxDh6FT,+62 (000) 679 9006,Admin
PTG00231,drg. Yunita Pudjiastuti,fN$1Rm7cf!,+62-0006-776-2550,Kasir
PTG00232,Caraka Usada,3G0Cp*R1%^,+62 (110) 090 6053,Kasir
PTG00233,Makuta Namaga,5+s&HQ_i(6,0875921299,Admin
PTG00234,"dr. Galang Marbun, S.Sos",!rHr_FQnM3,+62 (015) 238-0236,Admin
PTG00235,"Ella Januar, M.Ak",tQ)2OCl&+(,+62 (881) 959 7721,Petugas Loket
PTG00236,Puti Maryati,D5YlW3Sy!0,+62 (0540) 182 2720,Kasir
PTG00237,Cecep Puspasari,)9J_v%r8$a,+62 (993) 020-2030,Supervisor
PTG00238,Tania Maryadi,$Eud2EwsiP,(030) 059 3777,Kasir
PTG00239,Lala Padmasari,@^R+WIhcg9,083 104 3841,Petugas Loket
PTG00240,drg. Kania Marpaung,#vJ9%ICzIx,(021) 986 5504,Admin
PTG00241,Tgk. Victoria Rajasa,G%0OfTnAW0,+62 (042) 436 2585,Kasir
PTG00242,Samiah Maryadi,r@gw8cuYIQ,+62 (0338) 532 4725,Admin
PTG00243,"Asmianto Utama, M.Pd",ww#d$3HiO#,+62 (0757) 694 5353,Kasir
PTG00244,Kartika Pratiwi,4WPx%M8^*m,+62 (0815) 269-2559,Supervisor
PTG00245,Lala Sihombing,*q85DV(12h,+62-326-145-4307,Supervisor
PTG00246,drg. Gawati Wahyuni,s3ZgDREv*^,+62 (235) 426 8744,Kasir
PTG00247,"Hj. Sadina Wastuti, M.Kom.",Z01m@RPgm!,(056) 337 0140,Kasir
PTG00248,"Raden Gunawan, S.I.Kom",@#7QRcuNcf,(0316) 094 3913,Admin
PTG00249,"dr. Karsana Utami, S.Pt",)F*2QBtgZU,+62 (953) 322-2739,Admin
PTG00250,Tugiman Nurdiyanti,)pdnj9FaJ&,+62 (008) 708 2697,Petugas Loket
PTG00251,"R. Prakosa Mayasari, S.E.",@$6EomBdTT,+62 (0846) 735 7422,Petugas Loket
PTG00252,Yoga Pratama,+P2h9EfzpT,(029) 535 0637,Kasir
PTG00253,"R.A. Betania Yuliarti, S.IP",(0I5Nmpwja,+62-0626-084-6397,Supervisor
PTG00254,"Ghani Winarno, S.Pt",$BUl4ZpJf^,+62-91-969-3957,Petugas Loket
PTG00255,drg. Gatot Nashiruddin,m!7Za^qO_a,+62-0696-789-7609,Petugas Loket
PTG00256,drg. Darijan Hidayanto,5ly1KGPp#6,+62 (339) 431-9165,Supervisor
PTG00257,Fitriani Dabukke,()$(UojkF9,+62-002-687-6448,Admin
PTG00258,"Prabowo Fujiati, M.Kom.",&ur4mSod#p,+62 (373) 096 4969,Admin
PTG00259,Yono Hariyah,T1DGB$Fu*F,(036) 431-5948,Admin
PTG00260,Drs. Zaenab Purnawati,u^KA97luhM,+62-0934-497-4394,Kasir
PTG00261,Hani Budiyanto,4eP)Ff4U(8,+62-0210-972-0217,Kasir
PTG00262,"Dt. Jatmiko Simbolon, S.Pd",Y(5MGpj6$8,+62-0900-251-2137,Admin
PTG00263,Zamira Wijaya,G^C8Wtvx^U,0843456631,Supervisor
PTG00264,Darmana Namaga,(5nBb_g2L1,+62 (0379) 686-8008,Admin
PTG00265,"Ir. Galar Megantara, M.Farm",%+l6Ysr%7z,+62 (38) 502 2894,Admin
PTG00266,Kania Sirait,gki7)zY5_#,+62-030-334-6771,Kasir
PTG00267,"Talia Maheswara, S.Farm",*5AohBs%8F,0847230342,Supervisor
PTG00268,Cagak Namaga,%gzj&7Cz)$,+62 (0871) 775 4619,Petugas Loket
PTG00269,"Drs. Waluyo Najmudin, S.T.",!Ru+cLuq%6,(084) 482 3733,Supervisor
PTG00270,Queen Hutagalung,#1RxEdyclg,+62-039-251-9994,Kasir
PTG00271,"Kamila Nugroho, M.Ak",0^1G6Pd0E9,+62 (0963) 308 3344,Petugas Loket
PTG00272,Maimunah Budiyanto,P%C8@QpXFp,(0749) 266 3295,Kasir
PTG00273,Gina Santoso,#0PT@pHS_7,+62 (94) 115 6302,Admin
PTG00274,dr. Iriana Widiastuti,K+f+9Mhbw$,080 851 3313,Petugas Loket
PTG00275,"Kawaya Gunarto, S.Gz",e9R&ohnj%9,(086) 876-4019,Kasir
PTG00276,Karta Simbolon,Gzh8bRGb%v,085 664 6419,Admin
PTG00277,Tari Mustofa,(4uVf2@d$0,+62 (0789) 117-9726,Kasir
PTG00278,Ir. Rina Suryatmi,%+9WSqqJ@c,+62 (85) 386-3105,Supervisor
PTG00279,"Arsipatra Simbolon, S.E.",%!EcuoQh3X,(027) 633-2838,Kasir
PTG00280,drg. Samiah Putra,&7(YNmxH$*,+62-13-282-3392,Supervisor
PTG00281,Muni Namaga,(3pRCvLfIs,(059) 208-8143,Kasir
PTG00282,"R. Luthfi Mahendra, M.M.",)P7xJNdSAa,(086) 295 9125,Admin
PTG00283,Farhunnisa Samosir,)0CWSY!sA8,(0296) 694-1799,Supervisor
PTG00284,Nova Damanik,Wzc6RXUI(0,(073) 478-5369,Supervisor
PTG00285,KH. Kasusra Kurniawan,&74k0ZYsC0,+62-066-489-0082,Admin
PTG00286,Patricia Ramadan,4DRT8lCym^,0856302750,Supervisor
PTG00287,Abyasa Prabowo,iHVXmZ@x!5,(0846) 790 8701,Kasir
PTG00288,drg. Caraka Agustina,_3Fc08Ad6W,+62 (686) 524 0622,Kasir
PTG00289,Gaman Situmorang,)vi19)NpuZ,+62 (0845) 593-9652,Supervisor
PTG00290,Samsul Pradipta,O(3KD*apW!,+62 (073) 277 2648,Kasir
PTG00291,"Kenes Prayoga, M.Ak",bT0VAKDw^8,+62 (071) 050 8054,Supervisor
PTG00292,Puti Hana Hassanah,5*3jA4gp9I,+62 (0973) 449-3053,Petugas Loket
PTG00293,Oni Nasyidah,R3G^2nQd!v,+62 (278) 730-4862,Kasir
PTG00294,Silvia Haryanto,d^n3C2Do$P,+62-446-717-7629,Supervisor
PTG00295,"dr. Lanjar Haryanto, S.Pd",$3rYJxDXMe,0857390835,Kasir
PTG00296,Bakiono Hutasoit,Qs998Njvh(,0857595828,Petugas Loket
PTG00297,"Carla Rahayu, S.Gz",#CRabY^oR2,+62 (984) 451 4367,Petugas Loket
PTG00298,"R.M. Karman Wijaya, M.TI.",41RDFxjU@y,+62-09-921-7790,Kasir
PTG00299,Iriana Maulana,(m6NasR@fx,(001) 193 9103,Petugas Loket
PTG00300,"Drs. Dian Pertiwi, M.Kom.",%62UUkR*P),+62 (0373) 615-8736,Kasir
PTG00301,"dr. Cahyono Farida, S.Pt",W$355QxSyy,(0315) 663 9792,Admin
PTG00302,Jelita Latupono,@c$6PJhLpS,+62 (0281) 644-1610,Admin
PTG00303,Leo Hariyah,^YA3KF)rT!,+62 (76) 362 8144,Petugas Loket
PTG00304,"Emong Hasanah, S.IP",(3HIkIHds9,0849874551,Kasir
PTG00305,"R.A. Yance Sitompul, M.Pd",+72EpST(*7,088 187 3877,Admin
PTG00306,"Pangeran Tamba, M.TI.",3NG65!mt$D,0826254204,Supervisor
PTG00307,Marwata Narpati,f$M1T%%ddb,+62 (45) 381-0979,Supervisor
PTG00308,Cinthia Usada,S#2gNYyiU3,+62 (0224) 043-2611,Supervisor
PTG00309,Drs. Aslijan Firgantoro,$c3M+qd0v4,(062) 195 3689,Kasir
PTG00310,Adikara Sirait,*7TClx@kX&,+62 (038) 690-8716,Petugas Loket
PTG00311,Dinda Nashiruddin,@uj0Zz(ilx,(002) 344-2252,Kasir
PTG00312,Marsudi Widodo,3V2_gvKfA!,+62-32-655-1327,Petugas Loket
PTG00313,Cindy Yulianti,T9c8DJVD*x,+62 (026) 864 9864,Kasir
PTG00314,Puti Aryani,(6tP7L@gKE,+62 (0992) 164-0069,Kasir
PTG00315,"Tari Nuraini, S.Kom",)2CXRPuv&9,+62 (462) 202 1237,Kasir
PTG00316,"Wakiman Maulana, S.Ked",^g@SFkhzA5,+62 (041) 600-9169,Admin
PTG00317,"H. Lutfan Maryadi, S.H.",g7RjGgoG#g,(0463) 000-9984,Supervisor
PTG00318,"Darmaji Prayoga, S.Farm",@&XrhaTF71,+62-401-535-3466,Supervisor
PTG00319,Ivan Sinaga,&tTpJ_$%9r,082 238 7940,Kasir
PTG00320,Yono Wijaya,#^70_Qtl2B,+62-41-291-8285,Supervisor
PTG00321,Kunthara Latupono,_YC6Cqur%W,(000) 128-3827,Supervisor
PTG00322,Among Irawan,UzY+2Gewe!,+62 (0604) 227-6346,Petugas Loket
PTG00323,"Cut Cici Oktaviani, S.Pt",Oh33gOAl^J,+62 (51) 272-6708,Admin
PTG00324,Zulfa Andriani,jwp8Lurw+6,(0129) 035 0061,Supervisor
PTG00325,"Dr. Gadang Mardhiyah, M.Farm",5*mA4EeG+(,+62 (254) 920-6441,Kasir
PTG00326,"R. Baktianto Winarsih, M.Ak",^3RprACV*q,(080) 664-0511,Kasir
PTG00327,Cemplunk Iswahyudi,#85Jp(HghR,+62 (086) 003-2031,Petugas Loket
PTG00328,Dr. Pia Rahayu,&8v3uNBc)9,+62-016-259-0841,Supervisor
PTG00329,Hj. Intan Usada,8YKwDC0l*0,(0903) 716 1608,Kasir
PTG00330,"Oliva Kusumo, M.Ak",c2Vz6OEg*4,+62-24-808-5578,Kasir
PTG00331,Aditya Narpati,2i3H14Vj_G,+62 (0670) 675 1691,Admin
PTG00332,Koko Utama,%(2Ck^N!+$,+62 (098) 392-4848,Supervisor
PTG00333,Darmaji Dongoran,Jl^4D$xt!f,+62-0953-481-1050,Admin
PTG00334,"Puti Vanya Saefullah, M.Kom.",O4YJwB6e&t,(0512) 395-9781,Admin
PTG00335,Karen Rajata,im#46+Ubgz,+62-051-710-7308,Supervisor
PTG00336,Dewi Tarihoran,N&4NY4Ou4@,+62 (0857) 260-2925,Admin
PTG00337,Vera Wijaya,s_8M$I6eaF,+62-538-676-2592,Supervisor
PTG00338,Tugiman Nuraini,&sd8PtzV5%,+62 (089) 273-9615,Supervisor
PTG00339,Dr. Maria Rajasa,!5LGPrOD6v,084 227 3627,Supervisor
PTG00340,"Farhunnisa Najmudin, S.Gz",+*FnuaOWx2,0851448698,Admin
PTG00341,Anggabaya Wahyudin,!V#11hNsk@,+62 (006) 801 7703,Supervisor
PTG00342,"R. Heru Nababan, M.M.",v951V1ta4!,(0638) 083 9065,Supervisor
PTG00343,Almira Manullang,m^9Wg4t+iX,+62-0504-960-2667,Kasir
PTG00344,Septi Sitompul,#E3O7YFr!p,+62 (602) 080-1929,Admin
PTG00345,Catur Nashiruddin,@55YUj4sD2,+62 (002) 555 0193,Admin
PTG00346,Intan Sitompul,Um0HjYm6q+,(020) 805-9831,Supervisor
PTG00347,Radika Santoso,%%h1tXFs(5,(0749) 542-1062,Kasir
PTG00348,Tgk. Syahrini Iswahyudi,YkV1)3Okf),+62 (86) 461 2096,Kasir
PTG00349,Ikin Pradana,!0R7Ss2e%d,+62-219-143-0877,Petugas Loket
PTG00350,Dr. Suci Mandala,F7T+&Se6%e,+62-48-770-6769,Petugas Loket
PTG00351,Yono Pranowo,$J*SvsMS2K,0825672620,Kasir
PTG00352,"Oni Santoso, S.Sos",*2VpZsFkGT,0825624728,Admin
PTG00353,Fitriani Rahmawati,%v2689UakW,+62 (66) 045 0956,Admin
PTG00354,Cengkal Hidayat,@*^g44FbXU,+62-0600-608-2770,Supervisor
PTG00355,Lalita Setiawan,Io&1)VexE@,+62-461-762-3133,Petugas Loket
PTG00356,"dr. Balijan Budiman, M.Ak",xAveG4Wc%M,(0606) 349-4290,Kasir
PTG00357,"Tgk. Maria Hidayat, M.Kom.",S@&5DT0q^0,+62 (0417) 234 5653,Supervisor
PTG00358,dr. Kemal Rajasa,0q9Y4oaT*c,+62 (0100) 953 8557,Admin
PTG00359,"Hasna Natsir, S.Pt",j&n4HNkb$O,(0884) 437 0661,Supervisor
PTG00360,KH. Jabal Yulianti,o6qhHIsj^n,+62-002-772-9108,Supervisor
PTG00361,Juli Gunarto,G95Ur#r4+7,+62-067-730-6718,Kasir
PTG00362,Cemplunk Najmudin,&jX6LZPsic,(034) 289-8760,Supervisor
PTG00363,"Zulfa Sihotang, S.Psi",!(L4pJSepc,+62 (01) 629-0739,Kasir
PTG00364,R. Vivi Melani,)uOTIBVs1M,+62 (0942) 694-2039,Petugas Loket
PTG00365,Ir. Xanana Widiastuti,5y1Zd(VTy$,+62 (873) 054 9824,Supervisor
PTG00366,Kanda Mulyani,+%_4VgzRIP,+62 (058) 901-6492,Admin
PTG00367,"Hj. Oni Iswahyudi, S.Psi",!OvyIALy3Y,+62 (62) 829-6824,Admin
PTG00368,"Tgk. Zaenab Novitasari, S.Psi",QO0w1Ze&J!,(0662) 080-8203,Supervisor
PTG00369,Puti Mutia Hakim,_2N4lGagCQ,+62-42-425-3690,Petugas Loket
PTG00370,Puti Eva Prasetyo,1tU*5HaFi!,+62 (40) 553 6481,Admin
PTG00371,"Patricia Farida, S.I.Kom",n8%0HEmLOQ,+62 (36) 066 7998,Petugas Loket
PTG00372,Intan Padmasari,@mLpb0sw12,(066) 179 9623,Supervisor
PTG00373,Keisha Suryatmi,Vg9g6VSex),(004) 134-8208,Petugas Loket
PTG00374,"Tgk. Rachel Prayoga, S.IP",hy3+)!TqA^,+62 (043) 049 1341,Kasir
PTG00375,Damu Maryati,)o7#KeCb9g,+62 (08) 235 3097,Admin
PTG00376,Maria Sudiati,tH9UyIry@z,+62-17-530-7966,Petugas Loket
PTG00377,Waluyo Novitasari,+&9Kjp!6vO,+62 (037) 956 1007,Admin
PTG00378,Nilam Napitupulu,zp4CUbx__2,(0337) 034-2444,Petugas Loket
PTG00379,"Dr. Irma Pudjiastuti, M.Ak",@!Rqj4Px!n,+62 (070) 851 7328,Admin
PTG00380,dr. Cindy Santoso,#mTE6DGil^,+62 (391) 607-7004,Admin
PTG00381,Langgeng Prasasta,(84KWkj1l!,+62-038-588-6407,Supervisor
PTG00382,Dr. Adinata Maryadi,&&sFKWqtD5,+62 (0408) 806-7089,Petugas Loket
PTG00383,drg. Artanto Riyanti,(#0omVwq^2,0848580526,Supervisor
PTG00384,Cengkir Wahyuni,@9Lc1TBuM!,0823171461,Admin
PTG00385,"Ir. Queen Sirait, S.H.",)4Nq1CzF!5,0840257870,Petugas Loket
PTG00386,Umaya Wibisono,($5HBnk)R6,0891039091,Petugas Loket
PTG00387,Asmuni Prakasa,__0ciMlMWE,+62-009-860-2757,Kasir
PTG00388,Salimah Sinaga,w49TWds4%U,+62 (583) 445-6622,Admin
PTG00389,Hj. Kartika Maryadi,@d75T*JpS#,(060) 235-1585,Kasir
PTG00390,Bagus Wahyudin,5$0CoB$QUF,+62-0954-794-0645,Kasir
PTG00391,Bakti Zulaika,BMU7SubRK^,(056) 183-3597,Petugas Loket
PTG00392,Sari Winarsih,(7MMrzdol&,+62 (20) 956-7333,Kasir
PTG00393,"R. Shakila Suartini, M.Kom.",zH21T)GsH$,+62 (0277) 392 3852,Admin
PTG00394,Cahya Permadi,&2!J1i0s_A,+62 (90) 755 1545,Supervisor
PTG00395,Usman Wibisono,UX!74#Kn96,+62-168-066-4707,Kasir
PTG00396,Daniswara Puspita,^C0YH_9m#M,+62 (0067) 582 6762,Kasir
PTG00397,Qori Adriansyah,6&lb2oAHwb,(0459) 793 1839,Petugas Loket
PTG00398,"Vera Pertiwi, M.Kom.",+zkRwP#gr9,+62 (66) 432 2394,Petugas Loket
PTG00399,Cinthia Mustofa,@2WaatCrv4,(022) 398-4742,Petugas Loket
PTG00400,"Hj. Elisa Siregar, S.Sos",d7PPXq3Q+N,(080) 613 4956,Supervisor
PTG00401,Nadia Permata,)cIcYTkmc8,+62-610-809-2616,Petugas Loket
PTG00402,Diah Ardianto,s@6I8KulBh,+62 (0764) 000 6875,Admin
PTG00403,KH. Rusman Agustina,(^G6J06v^2,+62 (33) 868 6083,Admin
PTG00404,"dr. Yuni Halimah, S.Gz",+I$YlOtP1a,0830941349,Petugas Loket
PTG00405,Lamar Astuti,Wqus1TpzT_,080 450 7356,Petugas Loket
PTG00406,"H. Joko Salahudin, M.TI.",!wKcpVYS_9,+62 (0203) 158 9258,Supervisor
PTG00407,Rahmi Budiyanto,$3hbJReX*(,+62 (0823) 088 2958,Supervisor
PTG00408,"drg. Tami Mulyani, S.T.",6i0r9ZNf@8,+62-173-066-2931,Admin
PTG00409,Cornelia Nuraini,+@7RmTIqnv,(0989) 022 3790,Supervisor
PTG00410,Nugraha Aryani,SZ%^84Zw7Y,081 889 0737,Petugas Loket
PTG00411,R. Garan Padmasari,%UF5iYPt@7,080 207 6123,Supervisor
PTG00412,drg. Sabrina Kurniawan,b1UgSlzu#R,+62-70-669-0107,Petugas Loket
PTG00413,R. Gawati Laksmiwati,#W59eReaWL,(0578) 968-3355,Admin
PTG00414,"Melinda Budiman, M.Kom.",*3Xr*dYciK,087 993 8444,Kasir
PTG00415,Galang Uwais,(BA8$Gd+4Z,0871568910,Supervisor
PTG00416,Hj. Maida Hartati,)_Z7R7b9IN,(040) 163-2957,Admin
PTG00417,Prabu Mandasari,3ODlWe_K(H,+62 (058) 542 3324,Admin
PTG00418,Harimurti Wahyudin,g@8kLMu9GM,+62 (958) 417-4916,Supervisor
PTG00419,Ilyas Adriansyah,^bHS0vFfkA,+62 (0837) 740 2928,Kasir
PTG00420,Irma Widiastuti,v3GyDv#f_e,(067) 719-6666,Petugas Loket
PTG00421,Abyasa Mandala,0^#6o)HiXS,0836759017,Admin
PTG00422,"Dr. Raisa Hidayanto, S.Psi",#943IDmptK,+62 (086) 372-6319,Admin
PTG00423,dr. Unjani Yuniar,9iUNKk7&&@,+62 (513) 444 8672,Kasir
PTG00424,Kasusra Nasyiah,M$9AEjg&c9,+62 (049) 788-7953,Petugas Loket
PTG00425,Cahyanto Anggriawan,90aSQ$Rk%*,+62 (0391) 511-4367,Admin
PTG00426,dr. Cawisono Usamah,0SPXHQz)@o,(093) 315-4230,Kasir
PTG00427,Ami Habibi,#3BZft@Cn0,(067) 015 1459,Supervisor
PTG00428,R. Anita Kuswoyo,&Q6p8HgqV1,+62 (01) 901 1348,Kasir
PTG00429,Fathonah Prasetyo,ZE)1Gh6WCp,+62 (0286) 449-7602,Kasir
PTG00430,Restu Mulyani,0%lwGiZN&6,+62 (97) 356-1526,Admin
PTG00431,Kartika Sitorus,iG+1qIpIA),+62 (247) 466-5353,Petugas Loket
PTG00432,Drs. Nalar Wasita,h+#9hGRk*N,0835434685,Supervisor
PTG00433,H. Ikhsan Prayoga,k_R9MAnhik,081 168 3710,Kasir
PTG00434,Ajimin Mandasari,$dEjv8mm7s,+62 (0931) 214 6394,Supervisor
PTG00435,"KH. Ilyas Widodo, S.E.",^n0Exh3mW4,(094) 811 2664,Petugas Loket
PTG00436,Dr. Clara Safitri,&74VW#a*Dj,+62 (0901) 333 4437,Supervisor
PTG00437,"Hari Laksmiwati, S.Kom",*4TkRfzq_4,+62-49-910-0420,Supervisor
PTG00438,Karta Purwanti,tz6^Dm9)&2,+62-035-316-0791,Admin
PTG00439,Zalindra Rahayu,@B3pRk(mj*,+62-28-814-1128,Petugas Loket
PTG00440,Zizi Usamah,p5uEKoFG%1,(0491) 619-4232,Kasir
PTG00441,Gantar Suryono,&C!I1W1hSm,+62 (002) 547 1798,Admin
PTG00442,Ir. Ika Nurdiyanti,WPy(y5NmdD,+62 (584) 227-1726,Admin
PTG00443,Diana Yolanda,7q6bLpa8^!,+62-087-100-6689,Kasir
PTG00444,Muni Saputra,7MEPrDk+@S,0847528359,Petugas Loket
PTG00445,Ir. Ifa Firmansyah,fT!44C*b6b,+62 (89) 206-4157,Supervisor
PTG00446,Dt. Liman Hariyah,u3As*eqv(^,+62 (0478) 674 2802,Petugas Loket
PTG00447,Maras Melani,@_8TTe@zMh,(0436) 990 5585,Petugas Loket
PTG00448,Nilam Wahyudin,iSJUgwWJ)9,0860610656,Supervisor
PTG00449,Halima Pradipta,*&4L&ob^VS,084 376 9929,Supervisor
PTG00450,"drg. Ida Santoso, S.Pd",l*7bF_6kPi,+62 (0155) 369-1585,Supervisor
PTG00451,Michelle Suryono,nT0+Mf5i4),+62-0158-286-3040,Petugas Loket
PTG00452,"R. Rahmi Fujiati, S.Sos",K#99_TAISc,+62 (66) 937-0632,Kasir
PTG00453,"dr. Umi Firmansyah, S.Kom",PAj3!SIf$@,(0190) 000-2956,Petugas Loket
PTG00454,Harimurti Maulana,#85MwxAfUY,+62 (323) 167-7814,Kasir
PTG00455,Keisha Siregar,*gXvE4Ho^L,+62 (276) 120-9281,Petugas Loket
PTG00456,"Hj. Janet Kuswandari, M.Pd",kY+!b6VcKG,+62-0223-718-5921,Kasir
PTG00457,"R. Keisha Usada, M.TI.",F4OUoq2#+4,+62 (31) 324 6598,Supervisor
PTG00458,"drg. Kezia Suryatmi, S.Kom",7rY2cIUr#3,+62 (040) 652-6642,Petugas Loket
PTG00459,Maimunah Prasetya,OzBD1tZeb^,087 849 6224,Petugas Loket
PTG00460,"Ir. Irma Uwais, S.IP",!!4)TCNu(m,(072) 935-0979,Admin
PTG00461,"Sutan Edi Santoso, S.E.I",@qas2S9dSp,(0251) 840 7033,Kasir
PTG00462,"Lurhur Nuraini, S.E.I",c@y_4Or+%T,(0670) 636-3286,Petugas Loket
PTG00463,Adhiarja Kusumo,#w$2c9Ze@j,(008) 289 6713,Petugas Loket
PTG00464,Ajeng Sitorus,rq4@Tj8e$_,+62 (093) 500 1154,Supervisor
PTG00465,Carla Kusmawati,^8SWwgUig9,+62 (056) 685 1353,Kasir
PTG00466,Ir. Marwata Jailani,N8E$UZ*g%G,+62-019-027-1698,Kasir
PTG00467,"Putri Yuliarti, S.Kom",*QGNQc&U*1,+62-261-705-0583,Petugas Loket
PTG00468,Fitriani Rajasa,D^8SCwsUVi,(0758) 015 8466,Kasir
PTG00469,drg. Lukita Pranowo,!3An1eJTZ6,+62 (285) 461 3087,Kasir
PTG00470,"R.A. Agnes Nasyiah, M.Farm",Z2XqawkM*w,+62 (278) 630 9007,Kasir
PTG00471,Cakrabuana Hidayanto,_!94c$2imW,+62 (099) 716-5965,Kasir
PTG00472,"dr. Hadi Hasanah, S.Farm",fF%20TtF+m,+62-793-221-9143,Kasir
PTG00473,Cut Michelle Damanik,^4POZ(vCh*,+62-80-265-8934,Admin
PTG00474,"Dr. Jessica Rahimah, M.M.",9P33H1kH(m,+62-0203-172-6652,Admin
PTG00475,"Dr. Caket Saragih, S.Sos",(5O)Imsga@,(005) 190 8543,Petugas Loket
PTG00476,"R. Nilam Latupono, S.Sos",_32XsotGeb,+62-089-931-8781,Kasir
PTG00477,"Ade Saragih, M.Pd",!5d2QrWucY,(061) 366-2808,Supervisor
PTG00478,"KH. Bakda Mandala, S.E.I",_6iQLc6L!D,0833096739,Petugas Loket
PTG00479,Raina Mardhiyah,V2AbWNDr%i,(0762) 883-6368,Petugas Loket
PTG00480,Ir. Mulyanto Tamba,1jZXHV1J!u,(0616) 522 8989,Kasir
PTG00481,Jaiman Siregar,)R_HNzKy9G,0805014171,Kasir
PTG00482,"dr. Gambira Laksmiwati, M.Pd",3_wpSDcR)(,+62-050-092-4492,Admin
PTG00483,drg. Kanda Lestari,^@72Bg+u%P,+62-69-522-2336,Petugas Loket
PTG00484,R.A. Yuni Lazuardi,0$8OAvmks_,(0537) 405 7144,Petugas Loket
PTG00485,Salimah Riyanti,t6fSV3y6^6,0865834834,Kasir
PTG00486,H. Sabri Pradana,5Ypn3Unr_#,089 432 6983,Petugas Loket
PTG00487,"Radit Yulianti, S.T.",zdX#nfAl%3,(072) 007 3429,Supervisor
PTG00488,"Sutan Kasim Gunawan, M.M.",t*37kXpc5u,0851502045,Kasir
PTG00489,Maryadi Nashiruddin,D(1J7gb54O,+62-0590-426-5274,Petugas Loket
PTG00490,Kusuma Fujiati,_($EF2zD96,+62 (093) 511 7455,Admin
PTG00491,Usyi Prasetya,u+NS*7Wb*o,+62 (64) 126-0848,Admin
PTG00492,Kajen Yolanda,*6J5WJFauW,+62 (0505) 998-2267,Supervisor
PTG00493,Murti Januar,4j3I#zo&9#,(045) 028 2313,Supervisor
PTG00494,Diah Halimah,MW%5O@m7s^,+62 (310) 297-7115,Kasir
PTG00495,Hasim Maulana,_vDjD%LpP9,087 392 2198,Supervisor
PTG00496,Hasta Purnawati,cgN5EOcOK@,+62-044-500-2026,Petugas Loket
PTG00497,"Yani Nurdiyanti, S.H.",(3vRt0BHi7,+62 (0675) 418 2368,Kasir
PTG00498,R. Artawan Hutagalung,L^8V6e%S$!,+62-0208-316-8163,Admin
PTG00499,Zaenab Anggriawan,$&8N6GSvVA,+62-005-214-1070,Petugas Loket
PTG00500,Calista Fujiati,qlaR4R4!F$,+62 (0569) 729 6556,Petugas Loket
PTG00501,"Puti Rahayu Nashiruddin, M.M.",K&7ccPCh5E,0830557371,Supervisor
PTG00502,Kenari Novitasari,f4*4wbBfkr,+62-041-176-1421,Petugas Loket
PTG00503,Fitria Sihombing,HRJrINDt(3,+62-36-883-0048,Kasir
PTG00504,Jinawi Zulaika,)o3U1wMxw(,+62 (934) 104 0629,Supervisor
PTG00505,Bajragin Palastri,+NQ@REVq*2,084 974 9979,Petugas Loket
PTG00506,Cut Iriana Marpaung,#1ICIQPdbz,+62-563-163-1297,Admin
PTG00507,Zahra Thamrin,*IAIOTXUy2,+62 (01) 307-1675,Supervisor
PTG00508,Raden Zulaika,+y2Dm5MpC2,(0295) 458-5835,Admin
PTG00509,"Lili Prakasa, M.Ak",+)84Y_BxDd,+62 (814) 762 1236,Kasir
PTG00510,"Dt. Banawi Namaga, S.Sos",E*3j65Ti$9,+62 (909) 645 9872,Admin
PTG00511,"Estiawan Firmansyah, M.Pd",dMZ9CvTfP+,(0072) 173 4024,Petugas Loket
PTG00512,Martana Narpati,_2roXiIt15,0814442484,Admin
PTG00513,Mulyono Winarsih,6!Fd2Wiv(g,+62-99-414-7539,Supervisor
PTG00514,Drs. Nrima Haryanto,$7AB&k%t1p,(059) 429 9202,Kasir
PTG00515,Jatmiko Wibowo,szWNU5R&+6,+62-0424-240-6628,Supervisor
PTG00516,"Fitriani Saputra, S.Farm",$R55ZFjg3s,+62 (424) 382-6928,Petugas Loket
PTG00517,Jasmin Damanik,*@p4GTskXF,(096) 453-5917,Admin
PTG00518,Julia Gunawan,S2#VD8zw%7,(067) 989-9470,Petugas Loket
PTG00519,Tira Kurniawan,$*Xt^0Nskw,(0566) 505-1886,Admin
PTG00520,Mahfud Kuswoyo,&rc37VjryU,(093) 754-0242,Kasir
PTG00521,"Dr. Ibrahim Hidayanto, M.Kom.",sl+w8CSf5B,081 638 4936,Kasir
PTG00522,"Drs. Anastasia Winarsih, S.Sos",$f&Ql_SFC5,085 277 5867,Petugas Loket
PTG00523,Tri Pratama,$5Nec3WH&F,+62-357-617-0731,Kasir
PTG00524,Ilsa Setiawan,0I_67Odns^,+62 (0434) 852 9537,Admin
PTG00525,"Michelle Ramadan, S.Ked",J$@7MoJEAK,(0330) 990-0094,Admin
PTG00526,"Ami Wasita, S.I.Kom",&h5XQwqaFD,+62-04-709-1103,Supervisor
PTG00527,"Tgk. Restu Widiastuti, S.I.Kom",d&Ug1zCtrP,+62 (0477) 618-6870,Admin
PTG00528,Tantri Hariyah,+pnS_Ngem9,+62 (042) 330 2927,Supervisor
PTG00529,Irma Budiyanto,5R04PE4v^#,+62 (047) 852 4744,Kasir
PTG00530,"R. Ade Nainggolan, S.Psi",@)q04jJdE&,+62-135-183-0258,Supervisor
PTG00531,Faizah Santoso,&wvjR0(Sc5,+62 (028) 655 8167,Petugas Loket
PTG00532,Vanya Safitri,v34RR&gi#z,+62-429-242-1959,Admin
PTG00533,Uli Permadi,!9+X9d9H2&,+62 (303) 044 0778,Petugas Loket
PTG00534,Mumpuni Januar,E9XBnge5!C,+62 (026) 994-5206,Supervisor
PTG00535,Silvia Hutasoit,x1AynX@s)o,(082) 682 2175,Kasir
PTG00536,"Himawan Narpati, S.Sos",w#98UY&m)5,(0032) 200 7485,Supervisor
PTG00537,Dr. Unjani Mahendra,%_R91foc3u,+62-60-480-2240,Petugas Loket
PTG00538,Violet Tamba,wHyx7Io&%f,+62-016-556-2388,Supervisor
PTG00539,Paris Melani,(mXXn^GwI7,+62 (038) 604-7947,Petugas Loket
PTG00540,Parman Permata,@Gig0Qlqg),+62-053-472-8395,Admin
PTG00541,Yusuf Wasita,mC3aHUbp*H,+62 (58) 228-2801,Petugas Loket
PTG00542,Sutan Candra Prasasta,sQJf3BnI^@,+62-0744-959-7521,Petugas Loket
PTG00543,Garda Usada,s1eWPPk8$x,+62 (67) 511-9976,Petugas Loket
PTG00544,Juli Prasetyo,%^ENAlHRJ9,082 016 3015,Petugas Loket
PTG00545,Dr. Sadina Uyainah,28ShIbeG#U,+62 (080) 403 3480,Supervisor
PTG00546,Salman Sitorus,$rXzNuh8r7,(074) 627-2053,Admin
PTG00547,Tami Salahudin,W)9CIdu+Pg,0830775582,Kasir
PTG00548,Vinsen Manullang,4&HZ72!ijN,+62 (098) 177-5512,Supervisor
PTG00549,Hj. Shakila Saefullah,W03*1Z1ji%,(0765) 659 0705,Supervisor
PTG00550,Ilsa Suryatmi,%iRaUplj_3,(034) 153 5977,Supervisor
PTG00551,Aslijan Wijayanti,ZM1iXDbk!d,+62 (641) 354 7416,Petugas Loket
PTG00552,Tgk. Taufik Yulianti,b+pR7G@th^,(0581) 660-2841,Kasir
PTG00553,"Sutan Hendra Marbun, S.H.",A$64OKfayb,0855950837,Supervisor
PTG00554,Kasiyah Waskita,2n*^1cOa*!,+62-078-692-8551,Supervisor
PTG00555,Tiara Mangunsong,jbjSJz6z@5,(007) 072-2883,Kasir
PTG00556,Victoria Hutasoit,mhX32ZlAO$,(0967) 148-0300,Admin
PTG00557,Samiah Pradana,mr60L1zIs^,088 669 1122,Kasir
PTG00558,Raden Marbun,0ql&4UvUy@,(0446) 532 5544,Kasir
PTG00559,Balapati Nurdiyanti,s83V1xc_@y,(0684) 184 7146,Petugas Loket
PTG00560,"Cahyanto Marbun, S.Ked",657%41Vq@2,(0709) 067 6183,Supervisor
PTG00561,"drg. Harja Megantara, M.Ak",^0%IPO$SnH,(093) 032 6456,Petugas Loket
PTG00562,Raisa Aryani,*HBDhX@s64,+62 (0251) 970-1815,Admin
PTG00563,Drs. Baktianto Nainggolan,&w80xEs6sf,+62 (21) 690 8875,Supervisor
PTG00564,"T. Kamidin Anggriawan, S.E.I",z)hn3GZyE5,+62 (469) 351 0214,Admin
PTG00565,Umaya Irawan,#8PHeT!glp,+62-056-870-9412,Admin
PTG00566,Tami Wibowo,!liY53Cm(T,+62-0459-731-7303,Supervisor
PTG00567,Cecep Saptono,6ChOXzDj)x,(0318) 156 0542,Petugas Loket
PTG00568,Anastasia Hasanah,fANn)9LsHr,+62 (89) 722 6934,Supervisor
PTG00569,Tgk. Embuh Zulaika,X3cSDIaG!W,+62 (68) 709 7777,Kasir
PTG00570,dr. Nadia Gunarto,_IF3VSls^k,+62 (028) 962-2068,Supervisor
PTG00571,"Vero Marbun, S.Pd",$j$_HugGk2,+62-0069-523-5786,Kasir
PTG00572,Victoria Mandala,P5e4kC7e)C,+62 (019) 804-2554,Kasir
PTG00573,Karta Ardianto,3AOC#TnJ^x,+62-039-221-3170,Kasir
PTG00574,Luthfi Simbolon,w(6RNQNuQg,+62 (629) 179-6441,Supervisor
PTG00575,Ajeng Prakasa,$2R^$RBr+@,+62 (454) 164-8792,Petugas Loket
PTG00576,"Saka Hidayat, S.Gz",%Bg6EINe8n,0854833095,Supervisor
PTG00577,drg. Caket Prakasa,R8JkGmy++N,(0015) 019 6797,Admin
PTG00578,"Cahyadi Dabukke, M.Ak",)(T5C)4sT#,+62 (829) 158 5511,Petugas Loket
PTG00579,Zaenab Prabowo,Wy7MCMdj)A,+62-0962-625-9188,Petugas Loket
PTG00580,Mustofa Hidayat,wxt4UsKkN#,(0872) 965 7156,Supervisor
PTG00581,"H. Soleh Samosir, S.H.",(tl7F@99V0,(057) 376-2426,Supervisor
PTG00582,Talia Mandala,+#5W$Iftny,+62-0117-226-4147,Kasir
PTG00583,"dr. Lili Pertiwi, S.Ked",)X41XQil0!,(077) 153-9022,Admin
PTG00584,Vivi Marpaung,j+!f4TOxZJ,+62 (0278) 735-5404,Admin
PTG00585,Maras Prayoga,@fhTKEpw46,+62 (0539) 252 8783,Kasir
PTG00586,Mutia Napitupulu,$v8DDo3h5A,0853720335,Petugas Loket
PTG00587,Gaman Hidayanto,&C0OEhBp%V,(041) 199 2551,Petugas Loket
PTG00588,Galur Pradipta,QPom0rsyg(,+62 (057) 557-1663,Supervisor
PTG00589,Yusuf Mulyani,6o_2)Inqar,+62-07-615-0420,Admin
PTG00590,Rachel Purwanti,_zWMQ23x@6,(010) 392-7888,Petugas Loket
PTG00591,R. Kawaya Riyanti,yG(vTIzN$0,+62-050-965-6882,Supervisor
PTG00592,Natalia Nugroho,we+(Z0Ap9+,+62 (0078) 308-3069,Kasir
PTG00593,Putri Rahimah,ZD9SI9Ld)v,+62 (085) 711 6456,Supervisor
PTG00594,Gara Winarsih,z6h5tMgu)#,+62-0777-303-1678,Kasir
PTG00595,Cici Rahayu,#N+pDl_Fm6,+62-080-998-3976,Admin
PTG00596,"Jagapati Prakasa, M.TI.",FG(7Ej4b#U,+62 (0930) 741-7996,Admin
PTG00597,Humaira Zulkarnain,&22Qt_+jY%,+62-056-771-2515,Petugas Loket
PTG00598,Drs. Okto Gunawan,0pQ!^H$u%1,0844790986,Supervisor
PTG00599,"Sutan Hamzah Hutasoit, S.Psi",BSm7M+tl#T,+62 (037) 371 4503,Admin
PTG00600,Raihan Kusumo,(0V)W(ieIG,089 119 9256,Petugas Loket
PTG00601,"Murti Rahimah, S.E.I",r79xN^&h%(,+62 (132) 517 9044,Supervisor
PTG00602,Ani Mardhiyah,h^ls6AsL3@,+62 (0572) 275 7940,Supervisor
PTG00603,Tari Santoso,7o3uG!v6*!,(041) 060 3267,Petugas Loket
PTG00604,Gina Haryanto,O+8B#lRICI,(006) 400 4748,Supervisor
PTG00605,Malika Rahimah,%8QM6^!yH*,(0594) 933-0781,Admin
PTG00606,Wadi Hidayanto,inz8@1Swv*,+62 (0333) 849 6552,Petugas Loket
PTG00607,Kasim Kurniawan,5*!0%GxVGH,(0731) 739-4624,Admin
PTG00608,drg. Nasim Maryadi,F$a8LNmSbq,+62-179-670-6055,Petugas Loket
PTG00609,Ir. Baktianto Kuswandari,)r(5OdtXv$,0897014557,Kasir
PTG00610,Slamet Pradipta,)dIfyvhxE3,(000) 011 0156,Admin
PTG00611,Heryanto Hidayanto,767Gr_&5)g,(099) 086 7233,Kasir
PTG00612,Aswani Saptono,O4Qw6zpv_d,0822063186,Petugas Loket
PTG00613,"Tgk. Dewi Laksmiwati, S.Sos",@7(Y3JAeX%,+62-0239-193-2528,Supervisor
PTG00614,Timbul Usada,GWM7DUf0&7,+62 (0368) 681 1143,Kasir
PTG00615,Arsipatra Aryani,QB0&CdTw%j,(0902) 591-2046,Petugas Loket
PTG00616,Jarwa Narpati,xH@6BFRxY@,(0955) 192-4741,Kasir
PTG00617,Atma Kuswandari,_e3Moap*+w,+62-80-563-0829,Admin
PTG00618,Lutfan Ramadan,Mxo_(8Eq30,+62 (0852) 207-2019,Petugas Loket
PTG00619,Zulfa Damanik,Mr4c+EJrY(,+62-05-108-1948,Petugas Loket
PTG00620,"T. Nyana Mahendra, S.E.I",$3&2GB+w5e,+62 (391) 692 8091,Supervisor
PTG00621,"drg. Titin Widodo, S.H.",@6McZ3nFt%,(0008) 445 8015,Petugas Loket
PTG00622,"Safina Kuswoyo, M.Kom.",vs04)*EB@&,+62 (052) 552-3228,Admin
PTG00623,Gamani Mardhiyah,(ADO%ueOH3,+62 (011) 525-5862,Petugas Loket
PTG00624,Melinda Palastri,8&KR@56m(F,+62 (086) 142-2935,Petugas Loket
PTG00625,"Julia Sihombing, S.I.Kom",kEIBOWp*)2,+62 (0576) 274-5116,Admin
PTG00626,Kunthara Purnawati,^#hqaxSjo8,+62-476-128-9899,Kasir
PTG00627,"Ghaliyati Ardianto, M.Kom.",%6n6ZDxVMY,+62-878-852-8589,Kasir
PTG00628,dr. Kambali Yulianti,75UH8Ysy!@,+62 (0441) 076 9262,Admin
PTG00629,Suci Siregar,yEUd#J7D%3,(0996) 585 7837,Kasir
PTG00630,Lidya Widiastuti,Q(41#oMpKb,+62 (007) 883 6922,Petugas Loket
PTG00631,Dalimin Mardhiyah,sI^4wAhf4i,+62 (73) 551-4972,Petugas Loket
PTG00632,Rina Habibi,$2EkC#hEFd,(0413) 644-5947,Petugas Loket
PTG00633,"dr. Balapati Manullang, S.IP",9wHvh@I#(*,+62 (644) 685-3045,Petugas Loket
PTG00634,Janet Siregar,x3)5OiBeu4,+62-046-008-2369,Petugas Loket
PTG00635,Tantri Wijayanti,#6+TFS@aj#,+62 (020) 039-3449,Admin
PTG00636,Jagapati Fujiati,Gd725cFgp),+62-53-071-2260,Petugas Loket
PTG00637,"Cut Putri Mahendra, S.E.I",38U%9ToS(k,+62-228-012-6980,Kasir
PTG00638,Hana Agustina,U_+O6LmqZr,+62 (57) 378-7477,Admin
PTG00639,Dr. Elon Budiman,d80MZ$Kw*P,+62 (68) 092 8261,Kasir
PTG00640,"Syahrini Waluyo, S.T.",D@^Q7CAaQk,+62 (127) 983-1242,Petugas Loket
PTG00641,Ir. Gatra Prakasa,^&WyT7Cm4(,+62 (052) 077-1074,Petugas Loket
PTG00642,Edi Prasetyo,$RGdZ9&sy6,(0850) 205-0254,Supervisor
PTG00643,Dr. Elisa Utami,&z09MFbNZ$,+62 (974) 425 2694,Supervisor
PTG00644,"Martaka Marbun, S.Gz",(j31vkMjs%,(099) 768 1608,Petugas Loket
PTG00645,Jasmin Mandasari,al7XGJtV@%,+62 (0057) 445-0999,Kasir
PTG00646,dr. Danu Najmudin,B5g(Y&ht%l,(089) 859-3213,Admin
PTG00647,Yunita Permata,3m&d1Qv!ir,(0205) 548-2987,Kasir
PTG00648,"Dr. Saka Jailani, M.Ak",816fYA!z#L,(0214) 617-2758,Kasir
PTG00649,Rusman Saputra,JpoX2TLf^v,+62 (0134) 019-2936,Kasir
PTG00650,Muhammad Sitompul,Lb%dFF6w)6,+62-0656-115-6862,Kasir
PTG00651,"Diah Permadi, S.Gz",*60V5G)nZA,(0186) 244-7563,Admin
PTG00652,"Puti Wirda Jailani, S.E.I",dOoTGr$H_1,+62 (866) 356 5418,Supervisor
PTG00653,Catur Utami,_vtQFKku(8,+62 (88) 284-7052,Supervisor
PTG00654,Dimaz Hutapea,mR3MVhfh_3,(0786) 268 5272,Admin
PTG00655,drg. Okta Waluyo,PtL!3Ewa1R,+62-0562-327-7004,Admin
PTG00656,Gabriella Sirait,(%5MWs)Sml,+62 (546) 893 9770,Kasir
PTG00657,Ciaobella Jailani,&^kJkRrMR7,+62 (0484) 673-3229,Admin
PTG00658,"Puti Shakila Marpaung, S.Pd",Rt9!KrlXv(,+62 (0076) 089 5301,Supervisor
PTG00659,Warsa Hardiansyah,$qfP&S_43S,+62-080-153-3743,Petugas Loket
PTG00660,Latika Haryanti,L0i^2UXuF!,+62 (959) 955 0553,Petugas Loket
PTG00661,"Siti Wibisono, S.E.I",)E1osOYdd),088 216 5119,Petugas Loket
PTG00662,"Nyana Nashiruddin, S.Pt",%BPjkbNG57,+62 (0035) 321-2440,Kasir
PTG00663,"Tira Natsir, M.Farm",Zk661HmjE$,+62 (990) 047 9412,Supervisor
PTG00664,"Ir. Dasa Mangunsong, S.Psi",S%w63Axc7P,+62-996-276-8612,Petugas Loket
PTG00665,Halima Siregar,1jYrePz##d,089 088 8196,Kasir
PTG00666,"Hendri Sihombing, S.I.Kom",*#3D^4Bsfd,(067) 041-7103,Petugas Loket
PTG00667,"Pia Pratiwi, S.Pt",i9Bq1Qz@r),+62-71-487-6507,Admin
PTG00668,Jelita Mangunsong,^Fh7@EOhf&,(030) 667 0059,Admin
PTG00669,Tgk. Latika Riyanti,&Vz6d%OtB6,+62 (0086) 332 3430,Kasir
PTG00670,"KH. Halim Sirait, M.Pd",SQ4qJwW!*1,+62 (513) 919-6034,Kasir
PTG00671,R.M. Prayogo Prakasa,tSO&7YRr@7,+62 (846) 648-6741,Kasir
PTG00672,Gina Lestari,4@D02B)mAP,+62 (81) 436-1168,Kasir
PTG00673,Devi Jailani,q^%06AgDYG,083 684 3771,Petugas Loket
PTG00674,Yani Dongoran,8$4DTbv#5Z,+62 (72) 386 9742,Kasir
PTG00675,"Cinthia Yulianti, M.M.",+zaqMCcLy3,(050) 811-3640,Kasir
PTG00676,Endra Nuraini,1_4MRiluCa,+62 (449) 669-5421,Kasir
PTG00677,"Umi Kusmawati, S.I.Kom",0!!2Prrk%&,+62 (0592) 351-6383,Admin
PTG00678,"R. Lintang Setiawan, M.TI.",c)$&!7Wce9,+62-0049-484-1423,Supervisor
PTG00679,Tania Tampubolon,30#M8Guz)3,(0711) 588 2187,Admin
PTG00680,Mursita Nurdiyanti,v4UCI^v7)x,+62-097-542-4738,Admin
PTG00681,Ir. Prakosa Sirait,z+2HopL%Tr,+62 (18) 082-2679,Admin
PTG00682,Cut Raisa Wasita,@S6fNzxZ_%,+62 (000) 370-9070,Supervisor
PTG00683,"Sutan Jinawi Nurdiyanti, S.Gz",IeiYx4#l(8,084 926 7487,Supervisor
PTG00684,"drg. Silvia Nugroho, M.Ak",l5BDB)Mp&j,+62 (0779) 500 3452,Admin
PTG00685,"R.M. Aswani Nashiruddin, S.Farm",#)gbTDwhK6,+62-063-516-8522,Kasir
PTG00686,Nadia Wacana,)e7LUydlo+,(0633) 422-8562,Admin
PTG00687,"KH. Karma Pradipta, M.M.",#CU*P4Mi3v,+62 (34) 037 0433,Admin
PTG00688,Tirta Napitupulu,_l31Ui&uOS,(0198) 517 6968,Admin
PTG00689,Tugiman Yolanda,_E6nJFlR4X,+62 (327) 396 8859,Supervisor
PTG00690,Eluh Mustofa,(#8GWucQ43,+62 (098) 596-5510,Admin
PTG00691,Gamblang Anggriawan,aHbNZ4xI&6,+62 (89) 591 0385,Petugas Loket
PTG00692,Galak Maulana,*Ei5FeUy46,+62-895-546-5653,Admin
PTG00693,Jarwadi Hakim,$g(bg7GbFc,+62-223-487-4939,Admin
PTG00694,Irsad Widiastuti,U#&S0fZd3p,0893785954,Petugas Loket
PTG00695,Jayadi Astuti,WOt!9VaaT@,(069) 447-3387,Admin
PTG00696,"Dr. Teguh Hakim, S.Psi",aGD8SKla#&,+62-0450-968-5938,Admin
PTG00697,Harto Manullang,5PU5Belw+u,(095) 212 1560,Admin
PTG00698,"R.A. Ophelia Hartati, S.Pt",3qJ98sRbN!,+62 (016) 122-1503,Kasir
PTG00699,"Ratih Zulaika, S.Sos",ke5LZr$kA+,0866013855,Kasir
PTG00700,"Ade Dongoran, S.E.",p5*q#Z9E)x,(019) 499 9136,Kasir
PTG00701,"Purwanto Wahyudin, S.Gz",^ml4DIKs5O,+62 (93) 285 0719,Petugas Loket
PTG00702,Chelsea Mangunsong,^)U3)Gve7b,088 562 7480,Admin
PTG00703,Lalita Kurniawan,y2N4%GzF@B,+62-018-112-3993,Admin
PTG00704,Asmuni Najmudin,xSf_J+(9^5,(019) 680 4505,Kasir
PTG00705,Bakidin Haryanto,#zH8*cG!0k,(0140) 834-6954,Petugas Loket
PTG00706,Padmi Thamrin,coCAPs)v!6,+62-074-294-1429,Petugas Loket
PTG00707,"Agus Siregar, M.Ak",^7oUYoIG&W,(047) 286 1746,Petugas Loket
PTG00708,Tgk. Lamar Budiman,lw6iEitK#A,0896701656,Kasir
PTG00709,Salman Mandasari,$%+7wVj__1,+62-008-589-4961,Kasir
PTG00710,Elvina Kurniawan,^YtKCy1(80,+62 (0232) 210-9129,Admin
PTG00711,Hana Prasetyo,tZ^ZlRki+1,+62 (40) 211 6823,Admin
PTG00712,Darimin Lestari,QPaxlTVx)9,+62-558-774-5263,Admin
PTG00713,"H. Eja Mardhiyah, M.TI.",2OGB9xZ2(s,+62-034-553-8828,Kasir
PTG00714,Endah Ardianto,%t7RRMApnL,+62-136-859-3152,Kasir
PTG00715,Dian Kuswoyo,ev0w4Pjl&_,+62 (0574) 433-1997,Petugas Loket
PTG00716,Rosman Maheswara,mrk5HJXh@_,+62 (858) 618-8817,Kasir
PTG00717,dr. Asmadi Mustofa,+@5StQO9qs,+62 (480) 704 7314,Admin
PTG00718,"Unjani Novitasari, S.Kom",&f8!@HOjiH,+62 (82) 128-2193,Admin
PTG00719,"Drs. Lidya Nasyiah, S.E.",*)ZkW2iAj8,(066) 048 5312,Kasir
PTG00720,Dono Yolanda,%3KTqQApK*,(037) 817 0483,Supervisor
PTG00721,"dr. Dono Utami, M.TI.",fWu1mlen7@,+62-636-597-2767,Petugas Loket
PTG00722,Putri Lailasari,7kL3s&7W*4,(072) 339-9076,Kasir
PTG00723,Galih Dabukke,!1AxC12xOc,+62 (008) 616 4790,Supervisor
PTG00724,Zalindra Utami,_tSa@LcGb9,+62 (002) 372-6432,Admin
PTG00725,Galih Melani,&s9SMbhotK,+62 (015) 491-7732,Kasir
PTG00726,"Zalindra Zulkarnain, S.Ked",ISR6SQkh)W,(0943) 364-4702,Petugas Loket
PTG00727,Farah Maryadi,JPqV6lgva*,+62 (534) 745-0240,Supervisor
PTG00728,"Tgk. Dimas Handayani, M.Kom.",98nQUaZ7#5,(0805) 383-3856,Supervisor
PTG00729,R.A. Fitria Sudiati,@3QdNtNL%l,(032) 405 1026,Kasir
PTG00730,Padma Pradana,(27U8JszwH,(0399) 741-5920,Kasir
PTG00731,"Vanya Permata, S.Pd",1O$C(qCa@0,+62-306-144-3575,Supervisor
PTG00732,Tiara Kusmawati,@lDiZ9Gk(H,(0071) 812-9236,Admin
PTG00733,Setya Pratama,16WVxxEg)t,+62 (807) 910 6510,Petugas Loket
PTG00734,"drg. Hasna Gunarto, M.Kom.",icA!77QgQi,+62 (0044) 927-2809,Admin
PTG00735,Dacin Lazuardi,*kl6Q&OQ8h,+62 (930) 320 7560,Supervisor
PTG00736,"dr. Eva Anggraini, M.Ak",E30D)xaH2),(054) 030 7991,Admin
PTG00737,"Tgk. Endra Halim, S.E.",7_GX3Tf!_2,082 048 1093,Kasir
PTG00738,Upik Situmorang,L8EJNw3m%+,+62 (182) 723-8264,Supervisor
PTG00739,"R. Rini Thamrin, S.IP",F5IRQflD(F,+62 (448) 761 5048,Petugas Loket
PTG00740,T. Lanang Latupono,P_6X9aCK+5,081 082 2775,Petugas Loket
PTG00741,Melinda Hartati,_qFP(4Lig7,+62-70-455-9484,Admin
PTG00742,drg. Malika Saptono,)c+J1(NnD#,+62-64-122-7276,Admin
PTG00743,Faizah Haryanto,Y85umDwET%,+62 (068) 335-7668,Petugas Loket
PTG00744,Kurnia Suryatmi,h^0i$JNFCz,(0933) 686 0931,Supervisor
PTG00745,"Maman Andriani, S.Gz",(Z9QFkqW&F,+62 (0009) 333-9637,Admin
PTG00746,Cut Fitria Adriansyah,Z_v3%RRrwL,+62 (0208) 348 1242,Supervisor
PTG00747,"Vivi Waskita, S.Farm",fI87MTIei%,+62 (818) 774 4992,Petugas Loket
PTG00748,Kayla Novitasari,GX1Ji6lCK*,+62-26-908-9649,Supervisor
PTG00749,Kayla Andriani,aR8Uk5Cd__,+62 (03) 733-7840,Petugas Loket
PTG00750,Samiah Haryanto,uezxO8Np$G,(080) 055 1267,Supervisor
PTG00751,"Irwan Rajata, S.T.",t4GInK26)$,(074) 715-2035,Kasir
PTG00752,Laswi Permata,ba9Ql5BpB@,087 663 2790,Supervisor
PTG00753,"T. Cagak Pranowo, S.Kom",$ylX1A$m)(,(059) 905-2702,Petugas Loket
PTG00754,Raisa Safitri,&1yD$z!Ngg,(010) 922-1689,Supervisor
PTG00755,Irma Sirait,$57$6Dj6&I,+62-0361-655-8062,Kasir
PTG00756,Mutia Simbolon,L_%5Y5En^!,+62-069-057-1121,Admin
PTG00757,"Putri Iswahyudi, S.Sos",1zl19Gu@q*,(057) 079-4321,Supervisor
PTG00758,"Paris Pradana, S.Gz",c4RCFm(@#A,080 510 9334,Petugas Loket
PTG00759,Vicky Utama,3+B3HAnq!m,(0702) 170 4701,Kasir
PTG00760,"R. Jasmin Oktaviani, S.E.",mG&Zo3RuW(,+62-0930-105-5916,Admin
PTG00761,Drs. Fitriani Prayoga,3r1OPs7AG+,+62-570-765-0946,Supervisor
PTG00762,Tedi Budiman,k8fLUmUi*n,+62 (009) 360-9194,Admin
PTG00763,"Ir. Ade Puspita, S.Pt",_7OIB@ubbQ,(0268) 211 9569,Supervisor
PTG00764,Ina Fujiati,Z!E7TOg0#q,+62-0974-892-5007,Supervisor
PTG00765,Cici Anggraini,QZ14ZgOxP*,+62 (995) 843-8356,Admin
PTG00766,Ir. Rika Halimah,jLX2G6e)G@,+62-530-313-8783,Admin
PTG00767,Galur Yuniar,l8N5ECJq&b,+62 (028) 269-9345,Kasir
PTG00768,Jabal Pradipta,)4KMJZ!ea2,+62 (074) 312 4345,Supervisor
PTG00769,Gara Prayoga,CEp_x1Cwg(,+62 (94) 339-1686,Supervisor
PTG00770,"Dr. Agnes Nurdiyanti, M.Pd",U8j5A7*m%^,+62 (492) 101-8188,Admin
PTG00771,"Luwes Agustina, M.Ak",)1VFxGRer^,+62-475-601-6426,Kasir
PTG00772,Gada Sitorus,^4)5NkYf_6,(0343) 466 0954,Admin
PTG00773,Silvia Hardiansyah,+0NpbKzEGC,+62 (24) 175-6168,Petugas Loket
PTG00774,Utama Sudiati,nvwC)I2H^6,+62 (658) 179 1578,Kasir
PTG00775,Karya Halim,x50mFZ*8+t,+62 (038) 569 9391,Petugas Loket
PTG00776,Zulaikha Narpati,tnm#EraX&5,088 665 9481,Kasir
PTG00777,"Puput Maulana, M.M.",a#9DwhB8Z),0801130852,Supervisor
PTG00778,Baktiono Tamba,r&86e!Yfqu,+62-0202-534-2386,Admin
PTG00779,Wirda Gunarto,*)t27vMaOe,0877210752,Kasir
PTG00780,"T. Saiful Habibi, S.Ked",rF$c3Webt8,+62 (65) 416-8939,Supervisor
PTG00781,Jayeng Fujiati,B13*SkSr+2,080 704 2357,Supervisor
PTG00782,"Ir. Daru Hutapea, M.TI.",)mfcVLas9M,0849499963,Petugas Loket
PTG00783,"Tgk. Jaga Waluyo, M.TI.",^y6CUEj78&,+62-305-915-4196,Petugas Loket
PTG00784,Maryanto Thamrin,@1*5At4hg!,(0372) 234-2678,Supervisor
PTG00785,"KH. Jaka Gunarto, S.Kom",n(_K2GmuU5,+62 (012) 759-6373,Petugas Loket
PTG00786,Bakianto Samosir,)dPH5mgC3r,080 364 8510,Supervisor
PTG00787,Cager Hidayat,e(2Jcx%YMK,(0032) 043-4743,Supervisor
PTG00788,"Farhunnisa Samosir, S.Pd",Eql91BYn)#,+62 (07) 223 9567,Supervisor
PTG00789,Maryadi Hutasoit,^*irT6ZyoL,+62-877-123-9818,Petugas Loket
PTG00790,R.A. Raisa Hasanah,P_82BDPil&,0880796403,Kasir
PTG00791,"Mahesa Kurniawan, S.I.Kom",Xt5Qk5G_E*,(0195) 406 3856,Supervisor
PTG00792,Ajeng Mandala,!2T87UEcfh,089 677 8889,Admin
PTG00793,Margana Mansur,L@0uXhbi^),(0578) 041 0486,Admin
PTG00794,Novi Hutapea,(6iAwOdiI&,(0033) 257 0443,Petugas Loket
PTG00795,"KH. Alambana Hariyah, S.H.",#RzMv6mc4Z,+62 (077) 998-9924,Supervisor
PTG00796,Zaenab Pertiwi,8#*v4Oay66,081 275 9170,Supervisor
PTG00797,Dipa Saputra,f$7IMgmxc3,+62 (015) 411-1902,Kasir
PTG00798,Harjasa Anggriawan,HV$1qHyx*p,+62 (0256) 116 1599,Kasir
PTG00799,"Rahmi Saragih, S.T.",+RNC3zzBx2,0814994023,Admin
PTG00800,Dagel Situmorang,(PdwgSqh5C,+62 (097) 354 4252,Admin
PTG00801,Tiara Kusmawati,9tP7V#il*7,+62 (0862) 755-3779,Admin
PTG00802,Panji Purwanti,^V_Uo@zEl4,+62 (060) 993 2470,Admin
PTG00803,Padmi Megantara,vkeLvH%)&2,084 427 8952,Supervisor
PTG00804,"Wahyu Prasasta, S.Farm",U@7SWhEiog,+62 (074) 271-8322,Admin
PTG00805,"Estiono Dongoran, S.E.",p$9*IGmi8#,0863811050,Kasir
PTG00806,Nugraha Mustofa,Na(D9kFbwK,+62-935-433-7327,Supervisor
PTG00807,Sutan Lulut Andriani,nD$_!Fc7+9,+62-715-573-1052,Petugas Loket
PTG00808,Kurnia Purnawati,L(3z$YoroC,+62-414-850-2759,Kasir
PTG00809,"Radit Dongoran, M.TI.",@W#6Rw&+hQ,+62 (960) 233 1599,Petugas Loket
PTG00810,H. Jaiman Tampubolon,@70@vL%o!W,+62 (41) 300-7886,Admin
PTG00811,Sadina Tampubolon,cDz7K*k9n(,(027) 286 5181,Admin
PTG00812,Vivi Mansur,aha4Zct_O!,(067) 407-8869,Supervisor
PTG00813,H. Rafi Tarihoran,Xw&OmKZi(5,+62 (377) 012 4931,Supervisor
PTG00814,Ulya Santoso,u96vSQ!e^2,+62 (692) 692-0327,Kasir
PTG00815,Yoga Siregar,Gl11pESDa*,+62 (42) 566 0098,Petugas Loket
PTG00816,"H. Sabar Adriansyah, S.Psi",a$Gns7my*8,+62 (684) 997 7070,Supervisor
PTG00817,Aurora Dongoran,nk64Mkd^*O,(0163) 876 2157,Supervisor
PTG00818,"Nurul Sihombing, S.Ked",n+)5IfA8Ol,088 726 3492,Petugas Loket
PTG00819,Mahesa Marpaung,#3Whm+Bk@d,+62 (0484) 567-7154,Petugas Loket
PTG00820,Oskar Hariyah,9IV5_6MaFa,(0608) 520-8529,Admin
PTG00821,Ira Sitompul,^92QCVpzMA,+62 (085) 069 2987,Admin
PTG00822,"Ir. Daru Yuliarti, M.TI.",G4ABJV6l&b,+62-0301-118-4065,Supervisor
PTG00823,Olivia Nasyidah,B)95HQ8p^6,+62 (079) 838 7135,Admin
PTG00824,Lala Anggraini,)l6lEHvb^a,+62 (099) 916-2469,Supervisor
PTG00825,Siska Halimah,&Sv9JpngV2,+62-27-190-9520,Supervisor
PTG00826,Kayun Wijayanti,*p2^D8ek0A,+62 (065) 663-3935,Petugas Loket
PTG00827,Karman Mangunsong,G3X&e5ZB%W,+62-024-843-5074,Supervisor
PTG00828,Amalia Rahimah,$FvTk@7qu3,0823532773,Supervisor
PTG00829,Maya Thamrin,%^E4COm9v1,+62-929-427-0215,Supervisor
PTG00830,Warji Yuniar,ZIK3pRXhP@,+62 (99) 037 1912,Admin
PTG00831,Jelita Rahimah,$MuwlWzJb9,+62 (000) 443 6436,Admin
PTG00832,Icha Ramadan,Tk26+iXy$Y,+62-0527-808-7857,Kasir
PTG00833,Asman Suartini,F#$$$3RyQp,+62 (861) 728-4703,Petugas Loket
PTG00834,Ika Andriani,emE_3Hf9m%,+62 (075) 735-1851,Kasir
PTG00835,"H. Saiful Mandasari, S.Sos",mE)6ILuwt4,+62 (96) 484-2109,Supervisor
PTG00836,Cengkal Mahendra,DN^1XLiNI8,+62-029-708-1372,Supervisor
PTG00837,Lantar Purwanti,jE1BA2tWF#,0840769539,Kasir
PTG00838,Viman Palastri,z9OLG$vP*8,+62-0609-438-6825,Petugas Loket
PTG00839,"Anita Nuraini, S.Psi",kJ^9FTokt_,(089) 270-4723,Supervisor
PTG00840,"Ir. Maman Permadi, S.T.",H$4wWhNn_P,+62 (44) 940-3951,Supervisor
PTG00841,dr. Luthfi Sinaga,A$T&15Hv#H,+62 (023) 779 3980,Admin
PTG00842,Prayoga Wulandari,^#P2ZYa*+^,+62-98-212-7023,Supervisor
PTG00843,Kunthara Riyanti,&FD@o6bbZ7,(053) 244 8343,Supervisor
PTG00844,"Dr. Upik Laksmiwati, S.IP",1AK(j%eS^N,+62-009-380-8349,Supervisor
PTG00845,"Balijan Nugroho, S.Kom",c@#q31Mvch,+62 (02) 131 1679,Kasir
PTG00846,Tari Siregar,0GX*iHg(#8,+62-25-153-8642,Admin
PTG00847,Maimunah Pradipta,X2NFv3p8!b,+62 (0105) 075 5084,Supervisor
PTG00848,Tgk. Carub Pudjiastuti,%jPK6$Po4@,+62 (835) 501 7272,Petugas Loket
PTG00849,Syahrini Riyanti,*T(3X)e&+n,(080) 199 0502,Supervisor
PTG00850,Azalea Wacana,Me8wlfCv^1,0863124079,Supervisor
PTG00851,Gaiman Usada,v%a(%)Vc88,+62 (249) 601 7092,Petugas Loket
PTG00852,"R. Ihsan Anggraini, S.Pd",i#^1TPyoAP,+62 (09) 592 8489,Petugas Loket
PTG00853,drg. Purwanto Prakasa,^wXPfYDMc8,086 639 8464,Petugas Loket
PTG00854,T. Emas Mansur,TB_7DeHsSa,+62 (334) 062 0166,Admin
PTG00855,Dipa Saputra,q&1Irywq!0,+62-570-444-5514,Admin
PTG00856,Emong Siregar,M7#1CNdi^T,081 512 9116,Admin
PTG00857,Umi Lestari,a9VrzFKi_9,+62 (053) 007-5145,Kasir
PTG00858,"Bahuraksa Nuraini, S.H.",t7SwfT7g%@,(043) 786 2430,Petugas Loket
PTG00859,"Hj. Belinda Santoso, S.Farm",h6NFqY5x!*,+62-065-061-4715,Petugas Loket
PTG00860,Cut Ciaobella Kurniawan,f25A6$eN#m,+62 (020) 861-4984,Admin
PTG00861,Hardana Firgantoro,*W9xM7y%%&,(0372) 386-1595,Petugas Loket
PTG00862,Karja Sinaga,+yad3WOtP9,(0983) 676-0741,Supervisor
PTG00863,Gading Rahmawati,b*98oIxD$g,(060) 963 5476,Admin
PTG00864,Umaya Laksita,&&1GZfo9*^,+62 (0085) 935-6535,Supervisor
PTG00865,Rama Saefullah,LgV3Psuy_B,+62 (251) 225-8467,Petugas Loket
PTG00866,"Drs. Surya Uyainah, S.Gz",jp7ZY0kco@,(0499) 902-0385,Petugas Loket
PTG00867,Ani Farida,i0eR8igM!n,(0635) 294-6142,Supervisor
PTG00868,"Maya Marbun, S.Ked",_H07IQlQ1%,+62-380-419-1716,Petugas Loket
PTG00869,Dipa Pangestu,mB&36aqq1+,0880210936,Admin
PTG00870,Tari Zulkarnain,L7DwFZAX*o,+62 (0351) 102 6939,Kasir
PTG00871,Kasiyah Putra,0_d1wRFt$y,+62-26-406-2606,Kasir
PTG00872,Intan Kurniawan,AP1Xvywj6^,+62-029-406-9572,Kasir
PTG00873,Eli Widiastuti,lxP3H(F1!2,+62 (165) 991-9456,Petugas Loket
PTG00874,"Emil Salahudin, S.Farm",n!7x5Eyh%F,+62-18-977-9501,Admin
PTG00875,"Gada Waluyo, M.M.",!9iVsgty%d,+62 (0603) 161 3407,Admin
PTG00876,Ir. Dian Irawan,B1DZf4Lp&T,+62 (050) 668 8155,Petugas Loket
PTG00877,"Nadia Kusumo, S.Psi",^nTVAV5v56,(011) 339-5632,Admin
PTG00878,Elon Wahyudin,HHV&_eEl@8,+62 (0879) 896-3196,Petugas Loket
PTG00879,Asmianto Situmorang,#7Un1imbJ),+62 (0690) 176-3191,Kasir
PTG00880,Drs. Zelda Anggraini,@Qb$G7VuID,+62 (0298) 410-4003,Admin
PTG00881,"R. Nadine Putra, S.Ked",Q2JdGhyc$D,+62-38-069-5862,Petugas Loket
PTG00882,"Bagas Purwanti, S.Psi",&uP1WWd3G$,(0281) 326-5984,Admin
PTG00883,Ajeng Nababan,f$7Tb4EDcb,+62 (275) 671 9503,Supervisor
PTG00884,Hairyanto Waskita,L%RjCbp9(7,+62-0882-015-1497,Supervisor
PTG00885,Najwa Zulkarnain,H%pKo9C0)h,+62 (0902) 948 4943,Supervisor
PTG00886,"Simon Rajasa, S.Psi",*nrtRZY@g7,+62 (678) 323-9593,Petugas Loket
PTG00887,Yani Budiman,@Z9YTC5jRR,+62-881-120-9966,Admin
PTG00888,"Dr. Maria Prasetya, M.M.",#964s0Gu*Y,+62 (0396) 770-5467,Supervisor
PTG00889,Limar Prasasta,@VgDzIxO6f,0810253129,Admin
PTG00890,"R.M. Indra Andriani, S.E.I",^4#C$@&y)P,+62-007-388-5467,Petugas Loket
PTG00891,"H. Daru Usamah, S.Pd",o75UxTJhU+,083 213 0542,Supervisor
PTG00892,"Kemba Uyainah, S.T.",^u2aLEAhU_,+62 (979) 990 3238,Supervisor
PTG00893,H. Ikin Wastuti,&YnMnvsns7,(0838) 744-3081,Petugas Loket
PTG00894,Sutan Hasim Permadi,Y9meVg50#),+62 (033) 117-8605,Admin
PTG00895,Yance Hassanah,&zjm7Pic%+,+62 (892) 303-6067,Supervisor
PTG00896,Paris Laksmiwati,7Wb0@9UfHU,+62 (045) 375-2574,Admin
PTG00897,"T. Mustika Maryati, M.Pd",JoW#e5Exum,+62-0851-576-4670,Kasir
PTG00898,"Gading Halim, S.Farm",(gz0TKr1NP,+62 (633) 389-2349,Petugas Loket
PTG00899,Dina Setiawan,^p^7BvZkR!,+62 (061) 862 8697,Supervisor
PTG00900,"Hafshah Laksmiwati, S.Farm",Mu2G8TKq1+,+62 (94) 123-2806,Petugas Loket
PTG00901,Gantar Permadi,_98IxR0RRu,+62-035-630-3282,Kasir
PTG00902,Nabila Nainggolan,A^4TGaJkVK,+62-086-286-8564,Petugas Loket
PTG00903,"Danu Salahudin, M.M.",QqR&0oVvWa,(031) 633 0846,Petugas Loket
PTG00904,Baktiono Halimah,iE36B$q9r#,+62 (0303) 101 6636,Supervisor
PTG00905,Elma Megantara,(4!ZLtpFkU,086 106 6002,Kasir
PTG00906,"drg. Agnes Sihombing, S.Farm",)0CPU*dGms,(078) 845 7321,Supervisor
PTG00907,Kamaria Hakim,jUEgog^^#4,+62-23-050-6671,Admin
PTG00908,Puput Sirait,jOVLgEg%$3,+62 (20) 288-1520,Kasir
PTG00909,Drs. Satya Zulaika,qS2DoJC$C^,+62 (039) 430 3250,Petugas Loket
PTG00910,"Usyi Narpati, M.Kom.",k55%9Mexc5,+62 (0285) 803 3086,Petugas Loket
PTG00911,"Dodo Kuswoyo, S.Pd",(6$B@Uh8bh,+62 (182) 377 2109,Admin
PTG00912,Jayadi Ramadan,dUdM4Ps#%E,(0374) 496-6607,Petugas Loket
PTG00913,Darmaji Wijaya,okY_Tj2Q&0,+62 (0043) 935-1602,Supervisor
PTG00914,Rachel Sitompul,dJ*w7LgeHQ,0813537642,Kasir
PTG00915,Drs. Ghaliyati Suryatmi,iEWGdo$t$0,+62 (0011) 499-7475,Admin
PTG00916,Titi Lestari,8VX7IOWbk$,(010) 340 5736,Admin
PTG00917,H. Laksana Kuswoyo,98XxBY8a!e,(0169) 916 5872,Petugas Loket
PTG00918,Hendra Prayoga,71DTeLtv%b,+62 (027) 898-8524,Petugas Loket
PTG00919,Hj. Restu Haryanto,R*d)6CAu4e,+62-185-596-7071,Admin
PTG00920,Umi Oktaviani,%4h!RgwKI+,+62-079-729-6822,Supervisor
PTG00921,"Putri Mardhiyah, S.Psi",ug74NmEoF+,(054) 758-7837,Supervisor
PTG00922,Viktor Halim,+5ZVGdOsBe,+62-0040-256-0041,Kasir
PTG00923,Uda Januar,&Nz6zPoec*,(042) 729-9043,Petugas Loket
PTG00924,Dr. Lasmono Januar,_moK_O6^*6,+62 (0647) 256-0467,Admin
PTG00925,R.M. Martani Gunawan,@N*3e#mt%_,+62 (20) 667 6654,Petugas Loket
PTG00926,"Adhiarja Simbolon, S.H.",I2dIT44f+h,+62 (813) 805-7321,Petugas Loket
PTG00927,Harja Handayani,(nM((jzDF8,0868744123,Supervisor
PTG00928,Samiah Rahmawati,a)BH+8BnGS,(0519) 378 4953,Petugas Loket
PTG00929,Rafid Natsir,q*CZ3Iyc(v,+62 (65) 322 2470,Kasir
PTG00930,"Shania Melani, S.IP",d0f1I8jq!a,+62 (026) 817-9300,Supervisor
PTG00931,Dt. Gaman Mulyani,a9z$(T4e(z,(035) 869 9021,Supervisor
PTG00932,"Sutan Bagiya Kuswoyo, S.Farm",I6S^tjtx+j,083 620 7498,Petugas Loket
PTG00933,"Drs. Violet Saptono, M.Farm",o+p_65TcFx,(057) 813 0499,Supervisor
PTG00934,Zizi Hakim,%H3QER_suq,+62 (48) 764 1261,Kasir
PTG00935,Mulyono Purnawati,BH^!5PUixQ,088 598 8192,Admin
PTG00936,Ian Suryatmi,2F&5_MctI5,+62 (0183) 995 5780,Kasir
PTG00937,Utama Mansur,Oc@(0C@oaU,+62-414-391-0323,Supervisor
PTG00938,"Tira Maheswara, M.TI.",&6JNOMZ_su,+62-0843-782-6018,Kasir
PTG00939,Nadine Kusmawati,1v)_5Uvh7E,(0502) 188 5211,Supervisor
PTG00940,Paramita Saragih,GRVH0Hnw1&,0835894770,Petugas Loket
PTG00941,Ratih Prasasta,D)Z+9BFqe_,(0781) 898 6361,Supervisor
PTG00942,"R.A. Queen Simbolon, M.Ak",+4)xYTh0wu,(0377) 962 6389,Admin
PTG00943,Yance Thamrin,%9TSplk@SZ,086 690 6251,Kasir
PTG00944,Nurul Sinaga,)iiTDidb5b,(0242) 274-9665,Petugas Loket
PTG00945,"Sakura Mahendra, M.Ak",wDL%+8Gbt3,+62 (777) 734-2658,Supervisor
PTG00946,"Dr. Janet Hardiansyah, S.Kom",_1W7MNAc1j,(0466) 697-4721,Kasir
PTG00947,Devi Narpati,Ja3z$Lim%t,(073) 507 8107,Kasir
PTG00948,Karman Prasetyo,Mzw9cvJG7_,(027) 564 4390,Kasir
PTG00949,dr. Bella Usamah,)@a2Mukm5G,081 135 3739,Petugas Loket
PTG00950,Karimah Manullang,W*2KM%EzVY,(099) 154 8270,Supervisor
PTG00951,Maryadi Mahendra,d3yGGy7@)K,(0712) 918-4251,Supervisor
PTG00952,"Rika Thamrin, S.Farm",@E7N4FvdBO,+62 (82) 933 5287,Petugas Loket
PTG00953,Drs. Jamal Jailani,^a3vILozIc,083 101 8508,Admin
PTG00954,Dt. Warji Namaga,AvD@cSMx*5,(0447) 619-3788,Kasir
PTG00955,Keisha Nababan,C4MmKhy4&U,+62 (050) 237 4387,Supervisor
PTG00956,Edward Sihotang,Wd5!Fh@Nt!,+62 (977) 366-0985,Petugas Loket
PTG00957,Puti Rachel Puspita,NYGEX7Rjl@,+62-0198-444-9616,Petugas Loket
PTG00958,Surya Pratiwi,628K+_Pp^K,+62 (579) 832 2900,Kasir
PTG00959,Gaman Rahmawati,gK!S5BJl8u,+62 (023) 933-0653,Petugas Loket
PTG00960,Hardana Nababan,+tVSUT+p5V,(0882) 737-6309,Kasir
PTG00961,Mutia Prasetya,)oIU8XPhC!,+62 (96) 290 1079,Supervisor
PTG00962,Nyana Najmudin,_QD2@MblJ+,0872458198,Kasir
PTG00963,Salsabila Firmansyah,OeiJlagD(8,+62-070-513-0696,Admin
PTG00964,Elvina Haryanto,G8D#kNvv#U,+62 (41) 371-7306,Kasir
PTG00965,"Febi Pratiwi, S.Gz",#Tc5yQgQ(K,(006) 775-5957,Kasir
PTG00966,"Sutan Oman Simbolon, S.Pd",xKKs)y91@0,0855872357,Admin
PTG00967,T. Praba Tarihoran,*2(k&%BwqU,+62 (061) 155-6613,Kasir
PTG00968,"Edi Budiyanto, S.T.",*nCABSbY@5,+62 (0935) 658-0363,Petugas Loket
PTG00969,Sutan Hadi Siregar,Ej2*Ffj%i*,(039) 000 4539,Supervisor
PTG00970,"Pia Budiyanto, S.T.",l8YY*!Ur+T,(0098) 166-8813,Supervisor
PTG00971,Dartono Utami,((4MGtuG+K,(012) 769-8762,Supervisor
PTG00972,"R.M. Panji Padmasari, S.I.Kom",8*%TP9Jpa&,+62-042-614-4716,Supervisor
PTG00973,Ani Saptono,J%Da1LsIWf,+62 (037) 804-9876,Admin
PTG00974,Ajimat Suartini,$8ugZ0gIeN,+62 (61) 353-4255,Kasir
PTG00975,Kiandra Irawan,(n36)EDnUE,+62 (688) 084-8207,Kasir
PTG00976,Jarwi Hidayanto,Ad#6OvGgI+,(0674) 695 8819,Petugas Loket
PTG00977,"Surya Siregar, S.Sos",L97y9WUw(D,+62 (0905) 366 7832,Kasir
PTG00978,Dadap Hutagalung,w1NWDWtT&2,+62 (066) 480-2362,Admin
PTG00979,Dt. Taswir Lazuardi,n3XqwQEq)5,(0341) 591-0660,Petugas Loket
PTG00980,dr. Slamet Najmudin,96LtabBw$W,+62 (61) 350 6210,Petugas Loket
PTG00981,T. Anggabaya Hutagalung,7aHerTsX^1,0836816821,Kasir
PTG00982,Azalea Handayani,$y782GbWw@,(007) 024 7485,Admin
PTG00983,"Ikin Oktaviani, M.TI.",05+R8Q+t3_,+62-014-938-4754,Supervisor
PTG00984,Maras Hutasoit,BWLMNYz0(8,+62-0755-504-5838,Admin
PTG00985,Karen Firgantoro,oX%1X_Y^!7,+62-331-569-6401,Admin
PTG00986,Bakda Saragih,cCt0!vt0x&,+62 (0266) 331 6140,Admin
PTG00987,R.M. Dadap Jailani,!ck9MP$i1Z,+62-05-673-5263,Petugas Loket
PTG00988,Rahayu Uwais,@7(a#ZnxjF,(002) 492-3577,Petugas Loket
PTG00989,Irma Hutapea,F_4+eSbXnd,+62 (878) 989 1683,Admin
PTG00990,Jati Kurniawan,7^(1CBEcI4,+62 (090) 669 5450,Supervisor
PTG00991,Tgk. Jaswadi Ardianto,ak4AtMGd$(,+62-0181-720-3579,Petugas Loket
PTG00992,Kani Anggraini,Ub0uA9)c%s,+62 (016) 434 2411,Admin
PTG00993,Nabila Simanjuntak,86_4NZer%^,(003) 895 1592,Supervisor
PTG00994,Estiawan Anggraini,&OJC5Ech8k,+62 (013) 713-4631,Kasir
PTG00995,"Ir. Adinata Mandasari, M.Pd",R)cB0UTp4@,+62 (0733) 435-9736,Kasir
PTG00996,"Drs. Jati Firmansyah, S.IP",_nEQboNy$6,+62 (018) 596 8974,Admin
PTG00997,"Ajiman Safitri, S.I.Kom",9aEANUkR#+,+62 (41) 611-9540,Admin
PTG00998,"H. Najam Usada, S.Sos",s#PRg7Hu&Q,+62 (82) 233 1256,Petugas Loket
PTG00999,Najwa Mandala,nQ^0WJcww7,(0323) 573-7421,Supervisor
PTG01000,"Umar Saragih, S.E.I",#V9IFf%e9!,+62-95-587-7993,Admin
