NIK,Nama_Penumpang,Email,Nomor_Telepon
9026012796114351,Cut Tari Winarno,psusanti@example.net,+62 (0902) 770-3843
0988392053021465,"Harto Waskita, M.Farm",dindabudiman@example.net,+62 (018) 489 5543
9376904268181845,Rangga Mulyani,gawati94@example.net,(0697) 357 7907
1416335658804341,Samiah Siregar,puspasarigarda@example.com,+62 (539) 423 7333
4333395211179080,"Dr. Kasiyah Safitri, S.Psi",rpermata@example.com,+62 (84) 639-2086
7808562718750036,Puti Jane Tarihoran,hardi84@example.org,+62 (0795) 527 6365
5647292931438663,Raharja Maryadi,langgriawan@example.com,(0288) 574-4890
6120347175455884,Ayu Zulkarnain,tampubolonwinda@example.net,+62-998-245-5877
1694722569961125,Galar Simanjuntak,kasusra96@example.com,(0598) 762 2023
4132611178006811,Raina Mangunsong,yolandapurwadi@example.com,+62-0347-228-2005
5778487282997968,"Manah Nasyidah, S.Pd",yoga83@example.org,(0456) 424 0082
5478077406493085,Hendra Purwanti,pwidodo@example.org,(063) 416 3894
4846312241797497,Galur Budiyanto,baktiadinasyidah@example.org,+62 (14) 427-0312
0735647570512046,Kenari Halimah,harjoramadan@example.com,+62-13-673-0371
8376452088147435,Saka Widiastuti,darmantoprakasa@example.net,(050) 249-1630
0979251327195005,"Candra Nasyiah, S.IP",ayupradipta@example.com,0857306524
0778487392855749,"Drs. Elisa Hidayat, M.TI.",udasihombing@example.com,0857086209
5935186387829456,"Galur Kusumo, S.IP",gunawaneka@example.org,+62-031-731-0967
8994053910371705,H. Wakiman Agustina,bambang94@example.net,+62-014-138-1138
6338392886195761,Prima Najmudin,vmayasari@example.net,+62 (89) 755-8556
6593983684577600,Rina Budiyanto,lukitaardianto@example.com,+62-0350-488-8992
1075224593344196,R.A. Uchita Hutagalung,ade27@example.net,+62 (094) 096-1055
6613906048058925,H. Darman Mangunsong,wulandaripanji@example.com,081 364 6225
1790864168622783,Lala Yulianti,irianasusanti@example.net,083 314 6591
1665535590425979,Irnanto Gunawan,heruwahyudin@example.org,+62 (010) 392 4051
4770538338848792,"Tami Winarsih, S.Ked",qpadmasari@example.net,+62-042-043-9407
0164510463681579,R. Cengkir Napitupulu,tpurwanti@example.org,+62-038-457-6205
5543840460843256,"Cahyo Irawan, S.Sos",rafidpermadi@example.net,+62 (64) 957 8232
9832482629251881,Galiono Maulana,simanjuntakraden@example.com,+62 (0742) 312-2099
4999393305172897,"Sadina Wahyudin, S.E.",elestari@example.org,+62 (33) 060-4633
3127975736609656,Ir. Rina Nasyiah,nurdiyantidarimin@example.com,(0038) 860 8680
3476447264908277,Najam Mardhiyah,najmudinlaras@example.net,0826657027
9371452111751868,R. Keisha Pudjiastuti,xgunawan@example.org,+62 (922) 220 6447
4212309407778097,Darimin Rahmawati,ahasanah@example.com,+62 (099) 038 4983
0220502099451016,Caraka Wulandari,oliva99@example.net,+62 (79) 501-4556
1681472145868339,Balangga Pertiwi,laksmiwatiyunita@example.net,+62 (0695) 489-9529
9787729343010713,"Drs. Heryanto Zulkarnain, S.Gz",naradi83@example.org,+62-441-448-8501
5569902355770272,"Jagaraga Nasyiah, S.Psi",vzulkarnain@example.org,084 958 8039
5512405682996291,"Tgk. Tiara Sihotang, S.Gz",raden17@example.org,+62 (743) 842-1503
1780782357845218,"Cahyadi Putra, S.Gz",twibisono@example.net,+62 (004) 091-5701
8409435334485714,Candrakanta Saefullah,budimanputri@example.net,081 385 8542
4932149587020701,Anastasia Irawan,lwijaya@example.net,(0954) 538 1792
1717477332945625,"Tgk. Jaeman Laksita, S.Ked",kusmawatidarmanto@example.com,(0724) 599-2816
1581487696393827,Bella Siregar,zulfarahayu@example.com,(095) 832-1971
9975817246191965,Septi Wijayanti,iswahyudiibrahim@example.org,+62-22-784-6997
3354946519098624,Hairyanto Pudjiastuti,adriansyahira@example.com,+62 (040) 369-6566
6683272386562422,Bagus Yuliarti,megantaraanita@example.net,(021) 267-9692
7868765326909738,Laras Palastri,bagas09@example.com,+62 (197) 128-4781
8913718949058077,drg. Kemal Sitompul,zthamrin@example.com,+62 (0209) 494-0792
9049047128144294,Zamira Rajasa,kusumonova@example.org,+62 (75) 243 7280
5129276637239504,"R. Aslijan Marbun, M.M.",tkusmawati@example.com,0836674286
0476580185694544,"R. Dodo Yolanda, M.Farm",xhariyah@example.net,+62-0938-525-8001
0618175344300910,Hj. Zahra Pratama,lazuardicawuk@example.net,+62 (69) 212 4471
7465421406650442,Betania Lestari,oniwijaya@example.org,(0128) 639-1741
0119470720064256,Cut Oliva Lestari,zfujiati@example.net,+62 (083) 067 1985
5460158517432806,"Dadap Salahudin, S.Sos",usamahyunita@example.com,(0173) 203-0937
6184787005050613,"Ir. Mulyanto Nurdiyanti, M.M.",kaylapradipta@example.org,+62-027-079-0320
2041792911179931,"Sutan Irsad Sirait, S.Sos",dimas98@example.org,+62 (309) 251 1426
2582739021962071,Adiarja Nugroho,yuliantimaimunah@example.com,(072) 324-8763
2909279145608331,R. Lasmanto Tarihoran,wisnuutami@example.net,+62-403-127-7220
0543645970108220,Oliva Latupono,prakasatirtayasa@example.net,+62 (635) 315 3136
3631797062397265,Jagapati Nababan,kayun35@example.org,+62-090-421-7762
5349292983168739,Zalindra Hariyah,alambana63@example.org,+62 (693) 929 0600
7806867177318063,Gatot Sihombing,salimahiswahyudi@example.org,(0427) 990-7726
2570165804649893,"Ir. Bajragin Safitri, S.Psi",mulyanivivi@example.com,+62-016-579-0552
8183253817933554,Ir. Indra Saefullah,haryantopanca@example.com,(0788) 178 8479
5137116241124127,Taufan Putra,sihombingrafi@example.net,0827567043
1038569557988774,R. Widya Samosir,karmapradana@example.com,+62 (402) 547-2928
4222231059274523,H. Anom Widiastuti,malik25@example.com,0828410672
7520885474929751,"Natalia Gunarto, S.E.I",samosirasirwanda@example.com,+62-0751-509-3983
4301871863759980,"Gatra Widodo, S.E.I",yuwais@example.com,+62-45-547-8137
6742662991234785,Wardi Rahayu,airawan@example.com,+62 (0628) 792 3264
8704947873002447,Martani Widiastuti,rafid27@example.net,+62-0014-719-5979
6471589042902572,Elisa Habibi,najam65@example.org,+62 (0481) 832-1928
5544518952028457,Jasmin Marpaung,pratamagalak@example.net,+62-0389-888-1671
1207545279852401,Cagak Megantara,luwesmahendra@example.org,+62 (16) 110 7603
1089071401401193,R.A. Fitria Winarsih,asmianto12@example.net,+62 (0955) 289 3891
1908334280138759,Irnanto Wulandari,najmudinnyana@example.com,(038) 361-5171
8275480157164794,"Saadat Handayani, S.H.",bsiregar@example.org,+62 (075) 207 1678
1126691215353961,Salman Anggraini,wsetiawan@example.net,+62 (0657) 967 8427
1147732010170269,"Gamanto Mangunsong, S.Pd",hutagalungtania@example.net,(0734) 778-4858
8006167567700284,"Eli Lestari, S.Farm",leowibisono@example.com,+62 (097) 889-7782
8064796954500902,"dr. Kamaria Padmasari, S.Ked",prabawa16@example.com,+62 (650) 333-4911
4152085076986407,Cut Jamalia Waluyo,ksinaga@example.org,(0135) 785-2945
6371834404963919,Lega Sirait,cahyanto98@example.com,(035) 148-4685
3664987820829737,Suci Nasyidah,upratiwi@example.net,+62-083-572-3246
6513644249363123,Dipa Saragih,jlaksita@example.com,(003) 242-0448
2070015941651623,Kenzie Mardhiyah,nurdiyantititi@example.net,084 713 9155
9636321234764907,Tgk. Naradi Kusumo,hafshah67@example.net,+62-0425-754-0900
3486451837606441,"R.A. Ifa Pranowo, S.E.",uusamah@example.net,(004) 177-6561
2481569857002720,Farah Utami,lutfan91@example.org,+62 (38) 296-5772
4295431652669300,Ir. Luwar Utami,cemanihariyah@example.org,+62 (0206) 969 4215
2910867713334476,Irfan Putra,karyawastuti@example.org,(026) 204-4397
3597107256366941,Kalim Halim,sitorusjarwadi@example.com,+62 (990) 048-9646
5280924287572158,Dinda Rajata,sihotangbakidin@example.org,(0456) 449-4856
2572870320320742,"Nadia Fujiati, S.IP",cgunarto@example.com,0877712151
3422849939089261,Pranawa Mandasari,sitompulaslijan@example.com,+62 (065) 915-2017
7749050975923045,"Dt. Paiman Hidayanto, M.Pd",ziswahyudi@example.com,+62 (36) 103-2664
2147649251583776,Hasna Pratiwi,wiswahyudi@example.com,+62 (926) 610-8573
2788147617422438,Ida Purnawati,puspasaricandra@example.org,081 866 1794
